nflId,reps,wins,expected,role,winRate,overExpected,displayName,officialPosition
33131,191,6,0.059668673826965314,rusher,0.031413612565445025,-0.02825506126152029,Calais Campbell,DE
34465,15,0,0.0738205791991606,rusher,0.0,-0.0738205791991606,Malcolm Jenkins,SS
34654,1,0,0.06805293005671077,rusher,0.0,-0.06805293005671077,Jason McCourty,FS
34777,52,2,0.054126319973445775,rusher,0.038461538461538464,-0.01566478151190731,Steve McLendon,NT
35441,204,10,0.06177809607996341,rusher,0.049019607843137254,-0.012758488236826154,Ndamukong Suh,DE
35442,5,0,0.043159822129217894,rusher,0.0,-0.043159822129217894,Gerald McCoy,DT
35449,35,1,0.04986873845745142,rusher,0.02857142857142857,-0.02129730988602285,Tyson Alualu,DE
35452,27,5,0.07670440377038552,rusher,0.18518518518518517,0.10848078141479965,Brandon Graham,DE
35454,163,9,0.07576855967709993,rusher,0.05521472392638037,-0.020553835750719562,Jason Pierre-Paul,DE
35466,2,0,0.07237866691354815,rusher,0.0,-0.07237866691354815,Devin McCourty,FS
35470,120,15,0.07670440377038552,rusher,0.125,0.048295596229614476,Jerry Hughes,DE
35485,117,7,0.043159822129217894,rusher,0.05982905982905983,0.016669237699841938,Linval Joseph,NT
35493,142,15,0.07646817432220829,rusher,0.1056338028169014,0.02916562849469312,Carlos Dunlap,OLB
35522,36,3,0.04502340999817165,rusher,0.08333333333333333,0.03830992333516168,Corey Peters,DT
35539,159,13,0.07337658524360226,rusher,0.08176100628930817,0.008384421045705914,Everson Griffen,DE
35562,126,6,0.04901681257450113,rusher,0.047619047619047616,-0.0013977649554535107,Al Woods,DT
37075,141,19,0.07670440377038552,rusher,0.1347517730496454,0.05804736927925987,Von Miller,OLB
37084,177,10,0.06528448076369776,rusher,0.05649717514124294,-0.008787305622454826,J.J. Watt,DE
37087,129,16,0.07644436825378732,rusher,0.12403100775193798,0.04758663949815066,Robert Quinn,OLB
37089,82,13,0.07537165720163945,rusher,0.15853658536585366,0.08316492816421421,Ryan Kerrigan,DE
37097,204,5,0.0764551511769124,rusher,0.024509803921568627,-0.05194534725534378,Cameron Jordan,DE
37100,1,0,0.06805293005671077,rusher,0.0,-0.06805293005671077,Jimmy Smith,CB
37104,194,9,0.054951370577083936,rusher,0.04639175257731959,-0.008559617999764346,Cameron Heyward,DT
37112,6,0,0.0696717278779118,rusher,0.0,-0.0696717278779118,Jabaal Sheard,DE
37145,128,18,0.07670440377038552,rusher,0.140625,0.06392059622961448,Justin Houston,OLB
37229,4,0,0.07021579848512946,rusher,0.0,-0.07021579848512946,Richard Sherman,CB
37240,74,3,0.07236214959977849,rusher,0.04054054054054054,-0.03182160905923795,Pernell McPhee,OLB
37308,82,3,0.060341193213718385,rusher,0.036585365853658534,-0.02375582736005985,Lawrence Guy,DT
37317,6,0,0.06805293005671077,rusher,0.0,-0.06805293005671077,Malcolm Smith,MLB
37724,3,0,0.0709367546279357,rusher,0.0,-0.0709367546279357,Chris Harris,CB
37778,4,0,0.06805293005671077,rusher,0.0,-0.06805293005671077,Josh Bynes,ILB
37841,98,7,0.07643956273833426,rusher,0.07142857142857142,-0.005010991309762833,Mario Addison,DE
38542,173,14,0.05479378107991187,rusher,0.08092485549132948,0.026131074411417612,Fletcher Cox,DT
38544,127,0,0.05425330582157254,rusher,0.0,-0.05425330582157254,Michael Brockers,DE
38548,108,11,0.07630387257993762,rusher,0.10185185185185185,0.025547979271914226,Melvin Ingram,OLB
38551,144,13,0.0764714552867663,rusher,0.09027777777777778,0.013806322491011477,Chandler Jones,OLB
38555,43,1,0.07328405369753736,rusher,0.023255813953488372,-0.05002823974404899,Dont'a Hightower,OLB
38556,119,6,0.07670440377038552,rusher,0.05042016806722689,-0.02628423570315863,Whitney Mercilus,DE
38559,8,1,0.0734601011277575,rusher,0.125,0.0515398988722425,Harrison Smith,SS
38569,2,0,0.06805293005671077,rusher,0.0,-0.06805293005671077,Janoris Jenkins,CB
38577,18,3,0.06901420491378575,rusher,0.16666666666666666,0.0976524617528809,Bobby Wagner,MLB
38588,23,1,0.07106213830494547,rusher,0.043478260869565216,-0.027583877435380252,Lavonte David,ILB
38607,36,1,0.07261898562781689,rusher,0.027777777777777776,-0.044841207850039116,Demario Davis,ILB
38619,97,4,0.0545718962958007,rusher,0.041237113402061855,-0.013334782893738843,Akiem Hicks,DT
38667,177,5,0.06097445870701314,rusher,0.02824858757062147,-0.032725871136391665,Malik Jackson,DT
38868,1,0,0.06805293005671077,rusher,0.0,-0.06805293005671077,Tashaun Gipson,FS
39008,4,0,0.07021579848512946,rusher,0.0,-0.07021579848512946,Julian Stanford,OLB
39908,2,0,0.07237866691354815,rusher,0.0,-0.07237866691354815,Erik Harris,FS
39941,1,0,0.07670440377038552,rusher,0.0,-0.07670440377038552,Chris Banjo,FS
39959,126,2,0.05240909898419561,rusher,0.015873015873015872,-0.036536083111179736,Sheldon Richardson,DT
39960,108,6,0.05278835945214563,rusher,0.05555555555555555,0.002767196103409919,Star Lotulelei,DT
39976,5,1,0.06805293005671077,rusher,0.2,0.13194706994328925,Alec Ogletree,ILB
39993,9,1,0.06805293005671077,rusher,0.1111111111111111,0.04305818105440033,Kevin Minter,ILB
39997,119,7,0.04569680729535662,rusher,0.058823529411764705,0.013126722116408085,Johnathan Hankins,NT
39998,7,0,0.06928885487295003,rusher,0.0,-0.06928885487295003,Jon Bostic,OLB
40000,7,3,0.06928885487295003,rusher,0.42857142857142855,0.3592825736984785,Jamie Collins,OLB
40001,5,0,0.04986873845745142,rusher,0.0,-0.04986873845745142,Margus Hunt,DT
40008,1,0,0.06805293005671077,rusher,0.0,-0.06805293005671077,Robert Alford,CB
40017,10,1,0.07324381428491562,rusher,0.1,0.026756185715084382,Tyrann Mathieu,SS
40030,53,1,0.04379273876395691,rusher,0.018867924528301886,-0.024924814235655023,John Jenkins,NT
40031,8,1,0.07237866691354815,rusher,0.125,0.05262133308645185,Logan Ryan,FS
40039,4,0,0.07021579848512946,rusher,0.0,-0.07021579848512946,Duron Harmon,SS
40042,94,14,0.043159822129217894,rusher,0.14893617021276595,0.10577634808354805,Brandon Williams,NT
40051,111,4,0.07639263895187473,rusher,0.036036036036036036,-0.040356602915838695,Alex Okafor,DE
40074,117,3,0.06143505077298759,rusher,0.02564102564102564,-0.03579402513196195,William Gholston,DE
40077,9,1,0.07670440377038552,rusher,0.1111111111111111,0.03440670734072558,John Simon,DE
40095,133,2,0.07537828059805836,rusher,0.015037593984962405,-0.060340686613095953,Steven Means,OLB
40096,4,1,0.07454153534196684,rusher,0.25,0.17545846465803316,A.J. Klein,OLB
40107,4,1,0.07237866691354815,rusher,0.25,0.17762133308645184,Micah Hyde,FS
40166,4,0,0.07454153534196684,rusher,0.0,-0.07454153534196684,Jordan Poyer,SS
40171,132,1,0.05478405911239999,rusher,0.007575757575757576,-0.04720830153664241,Nicholas Williams,DE
40253,4,0,0.07670440377038552,rusher,0.0,-0.07670440377038552,Lerentee McCray,DE
40347,65,1,0.043159822129217894,rusher,0.015384615384615385,-0.02777520674460251,Mike Purcell,NT
40463,16,1,0.07670440377038552,rusher,0.0625,-0.014204403770385524,Brandon Copeland,OLB
40608,49,5,0.04863648851961261,rusher,0.10204081632653061,0.053404327806918006,Damion Square,NT
40688,2,0,0.06805293005671077,rusher,0.0,-0.06805293005671077,A.J. Bouye,CB
40825,54,3,0.07670440377038552,rusher,0.05555555555555555,-0.02114884821482997,Benson Mayowa,OLB
41227,153,16,0.07576393897632097,rusher,0.10457516339869281,0.028811224422371842,Jadeveon Clowney,DE
41231,123,13,0.07649339221639345,rusher,0.10569105691056911,0.02919766469417566,Khalil Mack,OLB
41235,13,1,0.0707149219686107,rusher,0.07692307692307693,0.006208154954466222,Anthony Barr,OLB
41239,243,29,0.06973102093299569,rusher,0.11934156378600823,0.04961054285301254,Aaron Donald,DT
41243,21,0,0.07217267944417494,rusher,0.0,-0.07217267944417494,C.J. Mosley,ILB
41249,75,9,0.07658905078753653,rusher,0.12,0.04341094921246347,Dee Ford,DE
41256,6,0,0.07237866691354815,rusher,0.0,-0.07237866691354815,Jimmie Ward,FS
41257,2,1,0.07237866691354815,rusher,0.5,0.42762133308645184,Bradley Roby,CB
41263,23,2,0.07087056348496507,rusher,0.08695652173913043,0.016085958254165367,Demarcus Lawrence,DE
41269,56,2,0.07330561052572758,rusher,0.03571428571428571,-0.03759132481144187,Kyle Van Noy,OLB
41279,51,2,0.07670440377038552,rusher,0.0392156862745098,-0.03748871749587572,Jeremiah Attaochu,OLB
41300,8,1,0.07021579848512946,rusher,0.125,0.05478420151487054,Christian Kirksey,OLB
41336,64,5,0.043159822129217894,rusher,0.078125,0.034965177870782106,Justin Ellis,DT
41338,7,0,0.07052477968918927,rusher,0.0,-0.07052477968918927,Ross Cockrell,CB
41341,130,12,0.050642844187632215,rusher,0.09230769230769231,0.0416648481200601,DaQuan Jones,DT
41348,4,0,0.06805293005671077,rusher,0.0,-0.06805293005671077,Anthony Hitchens,ILB
41358,1,0,0.07670440377038552,rusher,0.0,-0.07670440377038552,Dontae Johnson,CB
41363,79,4,0.05037827640643118,rusher,0.05063291139240506,0.0002546349859738825,Brent Urban,DE
41376,1,0,0.07670440377038552,rusher,0.0,-0.07670440377038552,Ricardo Allen,SS
41387,6,0,0.07111364016352426,rusher,0.0,-0.07111364016352426,Caraun Reid,DT
41403,47,1,0.07670440377038552,rusher,0.02127659574468085,-0.05542780802570467,Devon Kennard,OLB
41449,69,0,0.05628596277141393,rusher,0.0,-0.05628596277141393,Shamar Stephen,DE
41464,157,10,0.05320183064600056,rusher,0.06369426751592357,0.01049243686992301,Shelby Harris,DE
41502,13,2,0.07138041994658567,rusher,0.15384615384615385,0.08246573389956818,Daniel Sorensen,FS
41595,7,1,0.043159822129217894,rusher,0.14285714285714285,0.09969732072792495,Mike Pennel,NT
41722,14,0,0.0623281544955994,rusher,0.0,-0.0623281544955994,Josh Mauro,DE
41786,165,8,0.07019878793694696,rusher,0.048484848484848485,-0.021713939452098478,Kerry Hyder,DE
41915,198,25,0.0766607094587003,rusher,0.12626262626262627,0.04960191680392598,Shaquil Barrett,OLB
41919,18,0,0.050614173605032925,rusher,0.0,-0.050614173605032925,Zach Kerr,DT
41947,2,0,0.07670440377038552,rusher,0.0,-0.07670440377038552,Christian Jones,ILB
42030,6,0,0.07237866691354815,rusher,0.0,-0.07237866691354815,K'Waun Williams,CB
42031,183,12,0.07395484789815866,rusher,0.06557377049180328,-0.00838107740635538,Denico Autry,DE
42116,8,0,0.07021579848512946,rusher,0.0,-0.07021579848512946,Adrian Phillips,SS
42331,39,3,0.0689633464685776,rusher,0.07692307692307693,0.007959730454499325,Efe Obada,DE
42346,107,9,0.07670440377038552,rusher,0.08411214953271028,0.007407745762324752,Dante Fowler,OLB
42349,232,6,0.059750233400858416,rusher,0.02586206896551724,-0.03388816443534118,Leonard Williams,DT
42355,52,0,0.04509508645466987,rusher,0.0,-0.04509508645466987,Danny Shelton,NT
42360,158,11,0.06921888585168588,rusher,0.06962025316455696,0.00040136731287107597,Arik Armstead,DE
42365,110,5,0.07670440377038552,rusher,0.045454545454545456,-0.031249858315840068,Bud Dupree,OLB
42368,23,3,0.06880523211876945,rusher,0.13043478260869565,0.0616295504899262,Shaq Thompson,OLB
42370,1,1,0.06805293005671077,rusher,1.0,0.9319470699432892,Byron Jones,CB
42375,114,2,0.04463107570997086,rusher,0.017543859649122806,-0.027087216060848053,Malcom Brown,DT
42376,9,0,0.06997547977086072,rusher,0.0,-0.06997547977086072,Landon Collins,SS
42378,62,2,0.05275903173933632,rusher,0.03225806451612903,-0.020500967223207288,Mario Edwards,DT
42381,118,4,0.07670440377038552,rusher,0.03389830508474576,-0.04280609868563976,Preston Smith,OLB
42382,57,2,0.04477354618553067,rusher,0.03508771929824561,-0.00968582688728506,Eddie Goldman,NT
42386,2,0,0.06805293005671077,rusher,0.0,-0.06805293005671077,Benardrick McKinney,ILB
42388,24,2,0.07165771077074191,rusher,0.08333333333333333,0.011675622562591415,Eric Kendricks,ILB
42389,1,0,0.07670440377038552,rusher,0.0,-0.07670440377038552,Jaquiski Tartt,SS
42390,5,0,0.07151351954218067,rusher,0.0,-0.07151351954218067,Eric Rowe,SS
42391,2,0,0.07237866691354815,rusher,0.0,-0.07237866691354815,Denzel Perryman,ILB
42395,40,4,0.04903012391642223,rusher,0.1,0.050969876083577774,Jordan Phillips,DE
42401,149,10,0.07636314518603306,rusher,0.06711409395973154,-0.009249051226301513,Markus Golden,OLB
42403,125,15,0.0756747174304528,rusher,0.12,0.044325282569547195,Randy Gregory,DE
42406,102,5,0.07670440377038552,rusher,0.049019607843137254,-0.02768479592724827,Frank Clark,DE
42421,3,1,0.07670440377038552,rusher,0.3333333333333333,0.2566289295629478,P.J. Williams,CB
42427,32,2,0.06832328861026311,rusher,0.0625,-0.005823288610263114,Jordan Hicks,ILB
42431,167,15,0.07665259853856711,rusher,0.08982035928143713,0.013167760742870016,Danielle Hunter,DE
42433,52,1,0.04638526267163786,rusher,0.019230769230769232,-0.027154493440868628,Carl Davis,NT
42436,13,0,0.05606158429889775,rusher,0.0,-0.05606158429889775,Henry Anderson,DE
42443,109,3,0.05354389829514472,rusher,0.027522935779816515,-0.026020962515328205,Angelo Blackson,DT
42444,97,5,0.07454029074398676,rusher,0.05154639175257732,-0.02299389899140944,Trey Flowers,OLB
42465,6,0,0.07382057919916062,rusher,0.0,-0.07382057919916062,Za'Darius Smith,OLB
42467,16,0,0.07454153534196684,rusher,0.0,-0.07454153534196684,Kwon Alexander,OLB
42470,7,0,0.06805293005671077,rusher,0.0,-0.06805293005671077,Damien Wilson,OLB
42480,182,12,0.053802318071383,rusher,0.06593406593406594,0.012131747862682937,Grady Jarrett,DT
42485,2,1,0.07670440377038552,rusher,0.5,0.4232955962296145,Adrian Amos,FS
42497,85,2,0.04394910640312772,rusher,0.023529411764705882,-0.02041969463842184,Tyeler Davison,DT
42535,75,5,0.052436952005895834,rusher,0.06666666666666667,0.014229714660770831,Darius Philon,DT
42543,1,0,0.06805293005671077,rusher,0.0,-0.06805293005671077,Quandre Diggs,FS
42553,68,2,0.04463973014279882,rusher,0.029411764705882353,-0.015227965436916464,Christian Ringo,DT
42559,124,4,0.057497425572620185,rusher,0.03225806451612903,-0.025239361056491154,Christian Covington,NT
42560,99,5,0.04654816370913382,rusher,0.050505050505050504,0.0039568867959166865,Rakeem Nunez-Roches,DT
42667,45,5,0.05135960875261443,rusher,0.1111111111111111,0.059751502358496675,Justin Hamilton,DT
42816,9,0,0.06997547977086072,rusher,0.0,-0.06997547977086072,Troy Hill,CB
42826,85,4,0.0490794541835416,rusher,0.047058823529411764,-0.002020630654129836,DeShawn Williams,DT
42869,8,0,0.07670440377038552,rusher,0.0,-0.07670440377038552,James Vaughters,OLB
42901,2,0,0.07237866691354815,rusher,0.0,-0.07237866691354815,Dean Marlowe,SS
42929,4,0,0.07021579848512946,rusher,0.0,-0.07021579848512946,Alex Singleton,OLB
42935,4,0,0.07021579848512946,rusher,0.0,-0.07021579848512946,Bryce Callahan,CB
43062,5,0,0.07497410902765057,rusher,0.0,-0.07497410902765057,Nick Dzubnar,ILB
43292,167,17,0.07665259853856711,rusher,0.10179640718562874,0.02514380864706163,Joey Bosa,OLB
43294,3,0,0.07382057919916062,rusher,0.0,-0.07382057919916062,Jalen Ramsey,CB
43296,212,11,0.05977388379111696,rusher,0.05188679245283019,-0.007887091338286766,DeForest Buckner,DT
43298,174,20,0.07645579820390061,rusher,0.11494252873563218,0.03848673053173157,Leonard Floyd,OLB
43301,151,8,0.06537477685846797,rusher,0.052980132450331126,-0.012394644408136847,Sheldon Rankins,DT
43303,1,0,0.06805293005671077,rusher,0.0,-0.06805293005671077,Karl Joseph,SS
43306,4,0,0.06805293005671077,rusher,0.0,-0.06805293005671077,Keanu Neal,MLB
43308,114,4,0.07641015305423493,rusher,0.03508771929824561,-0.04132243375598932,Shaq Lawson,DE
43316,238,15,0.057817958644686106,rusher,0.06302521008403361,0.005207251439347506,Kenny Clark,NT
43318,62,0,0.0637194044254174,rusher,0.0,-0.0637194044254174,Robert Nkemdiche,DT
43319,59,2,0.06192204575902352,rusher,0.03389830508474576,-0.028023740674277757,Vernon Butler,DT
43321,217,17,0.07484940386396151,rusher,0.07834101382488479,0.003491609960923278,Emmanuel Ogbah,DE
43323,9,1,0.06997547977086072,rusher,0.1111111111111111,0.04113563134025039,Jaylon Smith,MLB
43325,16,0,0.07021579848512946,rusher,0.0,-0.07021579848512946,Myles Jack,MLB
43326,140,11,0.07047469575131153,rusher,0.07857142857142857,0.008096732820117039,Chris Jones,DT
43330,9,1,0.06805293005671077,rusher,0.1111111111111111,0.04305818105440033,Reggie Ragland,ILB
43332,128,11,0.04578049256993411,rusher,0.0859375,0.04015700743006589,Austin Johnson,NT
43333,91,4,0.06527712870581194,rusher,0.04395604395604396,-0.02132108474976798,Jihad Ward,OLB
43335,62,2,0.07237607065539614,rusher,0.03225806451612903,-0.04011800613926711,A'Shawn Robinson,DT
43338,169,8,0.054275186460019005,rusher,0.047337278106508875,-0.0069379083535101305,Jarran Reed,DT
43341,23,6,0.06955753418082812,rusher,0.2608695652173913,0.1913120310365632,Deion Jones,ILB
43343,5,0,0.07151351954218067,rusher,0.0,-0.07151351954218067,Mackensie Alexander,CB
43350,9,2,0.0738205791991606,rusher,0.2222222222222222,0.1484016430230616,Vonn Bell,SS
43352,89,4,0.0552207953035703,rusher,0.0449438202247191,-0.010276975078851197,Adam Gotsis,DE
43353,1,0,0.06805293005671077,rusher,0.0,-0.06805293005671077,Kevin Byard,FS
43354,65,9,0.07657130417479052,rusher,0.13846153846153847,0.06189023428674795,Carl Nassib,DE
43356,136,5,0.058945507607414425,rusher,0.03676470588235294,-0.022180801725061483,Maliek Collins,DT
43358,187,30,0.07670440377038552,rusher,0.16042780748663102,0.0837234037162455,Yannick Ngakoue,DE
43361,64,2,0.059932112949801705,rusher,0.03125,-0.028682112949801705,Jonathan Bullard,DE
43372,62,3,0.07616336213101185,rusher,0.04838709677419355,-0.027776265356818305,Jordan Jenkins,DE
43373,3,1,0.0709367546279357,rusher,0.3333333333333333,0.2623965787053976,Kendall Fuller,CB
43376,5,1,0.06805293005671077,rusher,0.2,0.13194706994328925,Nick Vigil,OLB
43377,73,4,0.07670440377038552,rusher,0.0547945205479452,-0.02190988322244032,Kyler Fackrell,OLB
43378,169,26,0.045938663211918175,rusher,0.15384615384615385,0.10790749063423569,Javon Hargrave,DT
43387,3,1,0.0709367546279357,rusher,0.3333333333333333,0.2623965787053976,Justin Simmons,FS
43388,9,0,0.07189802948501066,rusher,0.0,-0.07189802948501066,Joe Schobert,ILB
43392,5,0,0.043159822129217894,rusher,0.0,-0.043159822129217894,Sheldon Day,DT
43393,5,1,0.07151351954218067,rusher,0.2,0.12848648045781935,Tavon Young,CB
43402,1,0,0.06805293005671077,rusher,0.0,-0.06805293005671077,Nick Kwiatkoski,ILB
43404,14,2,0.06990681728106965,rusher,0.14285714285714285,0.0729503255760732,De'Vondre Campbell,ILB
43405,82,4,0.04643246424055132,rusher,0.04878048780487805,0.002348023564326729,Hassan Ridgeway,DT
43407,4,1,0.07454153534196684,rusher,0.25,0.17545846465803316,Juston Burris,SS
43409,14,0,0.05034794676661096,rusher,0.0,-0.05034794676661096,David Onyemata,DT
43411,31,1,0.048570238522954605,rusher,0.03225806451612903,-0.016312174006825574,Andrew Billings,DT
43420,5,0,0.06978322479944572,rusher,0.0,-0.06978322479944572,Blake Martinez,ILB
43426,146,7,0.053498905511769564,rusher,0.04794520547945205,-0.0055537000323175115,Dean Lowry,DE
43435,158,19,0.0762663544684273,rusher,0.12025316455696203,0.04398681008853472,Matt Judon,OLB
43436,159,9,0.06868745973035804,rusher,0.05660377358490566,-0.012083686145452383,Quinton Jefferson,DT
43441,145,10,0.06282388722921271,rusher,0.06896551724137931,0.006141630012166596,Matt Ioannidis,DT
43455,163,7,0.04377720706739889,rusher,0.04294478527607362,-0.0008324217913252691,D.J. Reader,NT
43474,5,1,0.07151351954218067,rusher,0.2,0.12848648045781935,DeAndre Houston-Carson,FS
43497,5,0,0.06978322479944572,rusher,0.0,-0.06978322479944572,Kamu Grugier-Hill,ILB
43503,14,1,0.06928885487295003,rusher,0.07142857142857142,0.002139716555621396,Elandon Roberts,ILB
43516,41,1,0.07649339221639345,rusher,0.024390243902439025,-0.05210314831395443,Stephen Weatherly,OLB
43522,1,0,0.06805293005671077,rusher,0.0,-0.06805293005671077,Jalen Mills,CB
43533,16,2,0.07183794980644348,rusher,0.125,0.05316205019355652,Jayron Kearse,FS
43540,2,0,0.06805293005671077,rusher,0.0,-0.06805293005671077,Joe Walker,ILB
43638,94,2,0.05564982593178031,rusher,0.02127659574468085,-0.034373230187099466,Justin Zimmer,DT
43641,11,0,0.06883942766704484,rusher,0.0,-0.06883942766704484,Mike Hilton,CB
43645,1,0,0.06805293005671077,rusher,0.0,-0.06805293005671077,Jarrod Wilson,SS
43694,46,3,0.04388905216489545,rusher,0.06521739130434782,0.021328339139452375,Michael Pierce,NT
43698,6,0,0.04875058573607916,rusher,0.0,-0.04875058573607916,Woodrow Hamilton,DT
43712,1,0,0.06805293005671077,rusher,0.0,-0.06805293005671077,Sharrod Neasman,CB
43757,1,0,0.06805293005671077,rusher,0.0,-0.06805293005671077,Andrew Adams,SS
43775,58,3,0.07655524043049458,rusher,0.05172413793103448,-0.0248311024994601,Romeo Okwara,OLB
43787,75,2,0.04986873845745142,rusher,0.02666666666666667,-0.02320207179078475,Roy Robertson-Harris,DT
43791,142,6,0.06890883198053671,rusher,0.04225352112676056,-0.02665531085377615,Morgan Fox,DE
43797,3,0,0.0709367546279357,rusher,0.0,-0.0709367546279357,Cory Littleton,OLB
43854,25,0,0.07670440377038552,rusher,0.0,-0.07670440377038552,Brennan Scarlett,OLB
43938,13,0,0.04315982212921789,rusher,0.0,-0.04315982212921789,Antwaun Woods,DT
43986,2,0,0.07237866691354815,rusher,0.0,-0.07237866691354815,Antonio Hamilton,CB
44174,51,2,0.07331166898070915,rusher,0.0392156862745098,-0.034095982706199346,Sam Eguavoen,ILB
44202,1,0,0.06805293005671077,rusher,0.0,-0.06805293005671077,Tevaughn Campbell,CB
44813,191,39,0.0765287776884946,rusher,0.20418848167539266,0.12765970398689808,Myles Garrett,DE
44815,126,3,0.06286060817244334,rusher,0.023809523809523808,-0.03905108436291953,Solomon Thomas,DT
44818,20,3,0.07237866691354815,rusher,0.15,0.07762133308645185,Jamal Adams,SS
44825,165,15,0.07670440377038552,rusher,0.09090909090909091,0.014204687138705388,Haason Reddick,OLB
44826,148,19,0.07670440377038552,rusher,0.12837837837837837,0.05167397460799285,Derek Barnett,DE
44829,217,23,0.05749620286154469,rusher,0.10599078341013825,0.048494580548593555,Jonathan Allen,DT
44833,1,0,0.06805293005671077,rusher,0.0,-0.06805293005671077,Jarrad Davis,MLB
44834,133,13,0.07645218887082787,rusher,0.09774436090225563,0.02129217203142776,Charles Harris,OLB
44837,15,2,0.07266704937067064,rusher,0.13333333333333333,0.06066628396266269,Jabrill Peppers,SS
44838,109,22,0.07662503245191143,rusher,0.2018348623853211,0.12520982993340968,Takkarist McKinley,DE
44840,5,0,0.07324381428491562,rusher,0.0,-0.07324381428491562,Taco Charlton,DE
44842,136,13,0.07638633488385337,rusher,0.09558823529411764,0.019201900410264275,T.J. Watt,OLB
44847,150,11,0.04964510791317697,rusher,0.07333333333333333,0.02368822542015636,Malik McDowell,DT
44848,7,0,0.07299662932166777,rusher,0.0,-0.07299662932166777,Budda Baker,SS
44851,4,1,0.07021579848512946,rusher,0.25,0.17978420151487054,Marcus Maye,FS
44859,87,4,0.07600830818422778,rusher,0.04597701149425287,-0.03003129668997491,Tyus Bowser,OLB
44863,87,4,0.05819704838215511,rusher,0.04597701149425287,-0.012220036887902234,DeMarcus Walker,DE
44867,126,5,0.051146627281876855,rusher,0.03968253968253968,-0.011464087599337175,Dalvin Tomlinson,DT
44869,5,0,0.06978322479944572,rusher,0.0,-0.06978322479944572,Zach Cunningham,ILB
44871,106,4,0.06293346077040857,rusher,0.03773584905660377,-0.025197611713804795,Tanoh Kpassagnon,DE
44872,2,0,0.06805293005671077,rusher,0.0,-0.06805293005671077,Chidobe Awuzie,CB
44877,208,8,0.05235232767511479,rusher,0.038461538461538464,-0.013890789213576324,Larry Ogunjobi,DT
44880,146,12,0.07256877041736486,rusher,0.0821917808219178,0.009623010404552948,Dawuane Smoot,DE
44885,9,1,0.07297722803247801,rusher,0.1111111111111111,0.03813388307863309,Jordan Willis,DE
44886,159,4,0.05666204367031681,rusher,0.025157232704402517,-0.031504810965914294,Chris Wormley,DE
44887,15,1,0.0743973441134056,rusher,0.06666666666666667,-0.007730677446738929,Duke Riley,ILB
44888,19,0,0.07032963366557254,rusher,0.0,-0.07032963366557254,Alex Anzalone,ILB
44892,125,7,0.07582163151557986,rusher,0.056,-0.019821631515579856,Tarell Basham,DE
44893,1,0,0.06805293005671077,rusher,0.0,-0.06805293005671077,Fabian Moreau,CB
44902,1,0,0.06805293005671077,rusher,0.0,-0.06805293005671077,Shaquill Griffin,CB
44905,47,1,0.04387353663222146,rusher,0.02127659574468085,-0.02259694088754061,Montravius Adams,DE
44915,202,31,0.07587409234362394,rusher,0.15346534653465346,0.07759125419102952,Trey Hendrickson,DE
44922,47,1,0.04387353663222146,rusher,0.02127659574468085,-0.02259694088754061,Jaleel Johnson,DT
44925,1,0,0.07670440377038552,rusher,0.0,-0.07670440377038552,Eddie Jackson,SS
44926,11,1,0.07119892049804705,rusher,0.09090909090909091,0.019710170411043865,Rayshawn Jenkins,SS
44937,6,0,0.06949484234232323,rusher,0.0,-0.06949484234232323,Jalen Reeves-Maybin,OLB
44938,91,5,0.07420745969359398,rusher,0.054945054945054944,-0.019262404748539033,Samson Ebukam,DE
44944,124,3,0.07075294573727514,rusher,0.024193548387096774,-0.04655939735017837,Deatrich Wise,DE
44955,83,1,0.049222095919790355,rusher,0.012048192771084338,-0.037173903148706014,Carlos Watkins,DE
44957,135,6,0.0439052572767994,rusher,0.044444444444444446,0.0005391871676450471,Grover Stewart,DT
44964,1,0,0.07670440377038552,rusher,0.0,-0.07670440377038552,Desmond King,CB
44968,6,0,0.06805293005671077,rusher,0.0,-0.06805293005671077,Jayon Brown,ILB
44974,2,0,0.06805293005671077,rusher,0.0,-0.06805293005671077,Anthony Walker,MLB
44976,27,9,0.06997547977086072,rusher,0.3333333333333333,0.2633578535624726,Matt Milano,OLB
44991,119,2,0.0459786945360387,rusher,0.01680672268907563,-0.02917197184696307,Davon Godchaux,NT
44999,14,0,0.07114274209730889,rusher,0.0,-0.07114274209730889,Chuck Clark,SS
45004,2,1,0.07237866691354815,rusher,0.5,0.42762133308645184,Xavier Woods,FS
45006,4,0,0.07021579848512946,rusher,0.0,-0.07021579848512946,Jordan Evans,OLB
45007,10,1,0.04651428029333466,rusher,0.1,0.053485719706665345,Vincent Taylor,DT
45008,2,0,0.06805293005671077,rusher,0.0,-0.06805293005671077,Tanner Vallejo,ILB
45009,159,13,0.07564954271248718,rusher,0.08176100628930817,0.006111463576820991,Al-Quadin Muhammad,DE
45011,99,3,0.047903500341100184,rusher,0.030303030303030304,-0.01760047003806988,D.J. Jones,DT
45021,5,0,0.07151351954218067,rusher,0.0,-0.07151351954218067,Rudy Ford,SS
45033,11,0,0.07670440377038552,rusher,0.0,-0.07670440377038552,Ifeadi Odenigbo,DE
45038,18,1,0.07670440377038552,rusher,0.05555555555555555,-0.02114884821482997,Isaac Rochell,DE
45042,4,0,0.07670440377038552,rusher,0.0,-0.07670440377038552,Adrian Colbert,FS
45045,1,0,0.06805293005671077,rusher,0.0,-0.06805293005671077,Elijah Lee,OLB
45063,8,0,0.05993211294980171,rusher,0.0,-0.05993211294980171,Pat O'Connor,DE
45203,5,0,0.07670440377038552,rusher,0.0,-0.07670440377038552,Tashawn Bower,DE
45215,3,0,0.06805293005671077,rusher,0.0,-0.06805293005671077,Eric Wilson,OLB
45226,99,2,0.04553166123515904,rusher,0.020202020202020204,-0.025329641033138835,Josh Tupou,NT
45274,191,3,0.04750517850259756,rusher,0.015706806282722512,-0.031798372219875054,Adam Butler,DE
45287,8,0,0.06913436427092012,rusher,0.0,-0.06913436427092012,Kenny Moore,CB
45302,1,0,0.06805293005671077,rusher,0.0,-0.06805293005671077,Torry McTyer,CB
45395,5,0,0.07151351954218067,rusher,0.0,-0.07151351954218067,Arthur Maulet,CB
45414,6,0,0.043159822129217894,rusher,0.0,-0.043159822129217894,Eli Ankou,DT
45533,15,0,0.07670440377038552,rusher,0.0,-0.07670440377038552,Joseph Jones,ILB
46073,1,1,0.06805293005671077,rusher,1.0,0.9319470699432892,Denzel Ward,CB
46074,8,1,0.07670440377038552,rusher,0.125,0.048295596229614476,Bradley Chubb,OLB
46077,19,1,0.06850827077848312,rusher,0.05263157894736842,-0.015876691831114703,Roquan Smith,ILB
46080,1,0,0.06805293005671077,rusher,0.0,-0.06805293005671077,Minkah Fitzpatrick,SS
46081,188,15,0.04779896639874108,rusher,0.0797872340425532,0.031988267643812116,Vita Vea,NT
46082,227,13,0.05232177834839143,rusher,0.05726872246696035,0.00494694411856892,Daron Payne,DT
46083,52,5,0.07653802927589178,rusher,0.09615384615384616,0.019615816877954384,Marcus Davenport,DE
46085,14,0,0.06990681728106965,rusher,0.0,-0.06990681728106965,Tremaine Edmunds,MLB
46086,4,1,0.07237866691354815,rusher,0.25,0.17762133308645184,Derwin James,FS
46088,9,1,0.0709367546279357,rusher,0.1111111111111111,0.04017435648317541,Leighton Vander Esch,OLB
46091,4,0,0.06805293005671077,rusher,0.0,-0.06805293005671077,Rashaan Evans,ILB
46097,1,0,0.07670440377038552,rusher,0.0,-0.07670440377038552,Terrell Edmunds,SS
46098,38,1,0.058166608652898154,rusher,0.02631578947368421,-0.031850819179213945,Taven Bryan,DT
46105,16,3,0.07021579848512946,rusher,0.1875,0.11728420151487054,Shaquille Leonard,MLB
46110,193,18,0.0763457934610104,rusher,0.09326424870466321,0.016918455243652805,Harold Landry,OLB
46117,108,12,0.07646408505611679,rusher,0.1111111111111111,0.03464702605499431,Uchenna Nwosu,OLB
46121,60,5,0.0761453274096994,rusher,0.08333333333333333,0.0071880059236339305,Kemoko Turay,DE
46122,3,0,0.0709367546279357,rusher,0.0,-0.0709367546279357,M.J. Stewart,SS
46127,4,1,0.06805293005671077,rusher,0.25,0.18194706994328924,Isaiah Oliver,CB
46132,2,0,0.06805293005671077,rusher,0.0,-0.06805293005671077,Carlton Davis,CB
46133,160,11,0.06999548744215199,rusher,0.06875,-0.0012454874421519851,Tyquan Lewis,DE
46135,106,5,0.0759082517825583,rusher,0.04716981132075472,-0.028738440461803585,Lorenzo Carter,OLB
46137,1,0,0.07670440377038552,rusher,0.0,-0.07670440377038552,Justin Reid,SS
46138,135,3,0.05011721683997859,rusher,0.022222222222222223,-0.02789499461775637,B.J. Hill,DT
46139,11,0,0.07277191571871518,rusher,0.0,-0.07277191571871518,Fred Warner,MLB
46141,71,3,0.05119162336724395,rusher,0.04225352112676056,-0.008938102240483387,Nathan Shepherd,DT
46142,28,4,0.07330561052572758,rusher,0.14285714285714285,0.06955153233141527,Jerome Baker,ILB
46144,90,4,0.043159822129217894,rusher,0.044444444444444446,0.0012846223152265523,Derrick Nnadi,DT
46146,201,9,0.0764944731467296,rusher,0.04477611940298507,-0.03171835374374452,Sam Hubbard,DE
46148,188,6,0.06956725874034986,rusher,0.031914893617021274,-0.037652365123328584,Rasheem Green,DE
46151,5,0,0.06978322479944572,rusher,0.0,-0.06978322479944572,Tracy Walker,FS
46153,35,2,0.05849448802232309,rusher,0.05714285714285714,-0.001351630879465951,Justin Jones,DT
46156,60,1,0.07502717468832713,rusher,0.016666666666666666,-0.05836050802166047,Arden Key,DE
46157,4,1,0.06805293005671077,rusher,0.25,0.18194706994328924,Oren Burks,ILB
46162,3,0,0.06805293005671077,rusher,0.0,-0.06805293005671077,Ronnie Harrison,SS
46165,43,2,0.05486142037613684,rusher,0.046511627906976744,-0.008349792469160094,Harrison Phillips,DT
46168,1,0,0.06805293005671077,rusher,0.0,-0.06805293005671077,Isaac Yiadom,CB
46169,1,0,0.06805293005671077,rusher,0.0,-0.06805293005671077,Dorian O'Daniel,OLB
46171,5,0,0.07670440377038552,rusher,0.0,-0.07670440377038552,Jalyn Holmes,DE
46175,4,0,0.06805293005671077,rusher,0.0,-0.06805293005671077,Josey Jewell,ILB
46183,4,0,0.07670440377038552,rusher,0.0,-0.07670440377038552,Da'Shawn Hand,DE
46185,51,4,0.0740734561906861,rusher,0.0784313725490196,0.004357916358333505,Dorance Armstrong,DE
46186,5,1,0.07151351954218067,rusher,0.2,0.12848648045781935,Jordan Whitehead,SS
46187,1,1,0.07670440377038552,rusher,1.0,0.9232955962296144,Anthony Averett,CB
46188,12,0,0.06805293005671077,rusher,0.0,-0.06805293005671077,Kyzir White,ILB
46190,3,0,0.0709367546279357,rusher,0.0,-0.0709367546279357,Taron Johnson,CB
46191,27,2,0.0696550548185024,rusher,0.07407407407407407,0.004419019255571671,Kenny Young,ILB
46197,77,1,0.05274398831240864,rusher,0.012987012987012988,-0.039756975325395655,Kentavius Street,DE
46199,155,15,0.07583873714738765,rusher,0.0967741935483871,0.020935456400999447,Josh Sweat,DE
46204,143,10,0.07623524878239717,rusher,0.06993006993006994,-0.006305178852327231,John Franklin-Myers,DE
46205,31,2,0.07670440377038552,rusher,0.06451612903225806,-0.012188274738127461,Marquis Haynes,DE
46209,10,0,0.04651428029333466,rusher,0.0,-0.04651428029333466,Maurice Hurst,DT
46212,21,0,0.0684649049954572,rusher,0.0,-0.0684649049954572,Ja'Whaun Bentley,ILB
46214,146,5,0.05481819329350471,rusher,0.03424657534246575,-0.020571617951038956,Bilal Nichols,DE
46219,25,1,0.07497410902765057,rusher,0.04,-0.03497410902765057,Genard Avery,OLB
46221,5,1,0.06978322479944572,rusher,0.2,0.1302167752005543,Dane Cruikshank,SS
46229,55,5,0.0765471042483187,rusher,0.09090909090909091,0.014361986660772208,Ogbonnia Okoronkwo,OLB
46230,22,3,0.06923267647221187,rusher,0.13636363636363635,0.06713095989142448,Jermaine Carter,MLB
46232,47,3,0.047971749741441264,rusher,0.06382978723404255,0.015858037492601285,Tim Settle,DT
46249,121,10,0.05036774876285722,rusher,0.08264462809917356,0.03227687933631634,Folorunso Fatukasi,DT
46250,10,0,0.07497410902765057,rusher,0.0,-0.07497410902765057,Kylie Fitts,OLB
46255,122,9,0.07642944818316284,rusher,0.07377049180327869,-0.002658956379884156,Jacob Martin,DE
46259,9,2,0.07670440377038552,rusher,0.2222222222222222,0.1455178184518367,DeShon Elliott,FS
46264,178,10,0.05027242116658135,rusher,0.056179775280898875,0.005907354114317524,Sebastian Joseph,NT
46267,4,0,0.043159822129217894,rusher,0.0,-0.043159822129217894,Reginald McKenzie,G
46269,26,0,0.06971667500164823,rusher,0.0,-0.06971667500164823,Foyesade Oluokun,ILB
46304,3,0,0.07382057919916062,rusher,0.0,-0.07382057919916062,Zaire Franklin,OLB
46307,89,2,0.06313580894923906,rusher,0.02247191011235955,-0.040663898836879514,Zach Sieler,DT
46313,3,0,0.07670440377038552,rusher,0.0,-0.07670440377038552,Justin Lawler,OLB
46354,2,0,0.06805293005671077,rusher,0.0,-0.06805293005671077,Emmanuel Moseley,CB
46387,12,0,0.05713673114637108,rusher,0.0,-0.05713673114637108,Kendal Vickers,DT
46416,28,3,0.07670440377038552,rusher,0.10714285714285714,0.030438453372471613,Jacob Tuioti-Mariner,OLB
46438,46,1,0.04680597230760568,rusher,0.021739130434782608,-0.02506684187282307,Tyler Lancaster,NT
46457,81,9,0.07587614249529497,rusher,0.1111111111111111,0.03523496861581614,Olasunkanmi Adeniyi,OLB
46487,157,2,0.05939796356061114,rusher,0.012738853503184714,-0.04665911005742643,Poona Ford,NT
46504,25,0,0.05791943805133165,rusher,0.0,-0.05791943805133165,Daniel Ekuale,DT
46521,24,1,0.0709367546279357,rusher,0.041666666666666664,-0.02927008796126903,Ben Niemann,ILB
46527,29,3,0.07342281029278476,rusher,0.10344827586206896,0.030025465569284204,Frankie Luvu,OLB
46543,33,3,0.05102967605090475,rusher,0.09090909090909091,0.03987941485818616,Henry Mondeaux,DE
46618,40,1,0.04483705121127628,rusher,0.025,-0.019837051211276276,Taylor Stallworth,DT
46652,1,0,0.06805293005671077,rusher,0.0,-0.06805293005671077,Chandon Sullivan,CB
46657,29,2,0.07580942373103987,rusher,0.06896551724137931,-0.006843906489660559,Dennis Gardeck,OLB
46672,4,0,0.06805293005671077,rusher,0.0,-0.06805293005671077,Tavierre Thomas,CB
46680,3,0,0.0709367546279357,rusher,0.0,-0.0709367546279357,Sean Chandler,SS
46700,4,0,0.06805293005671077,rusher,0.0,-0.06805293005671077,Tre Herndon,CB
46711,3,1,0.0709367546279357,rusher,0.3333333333333333,0.2623965787053976,Ryan Neal,SS
46757,1,0,0.06805293005671077,rusher,0.0,-0.06805293005671077,Charvarius Ward,CB
46772,4,0,0.07670440377038552,rusher,0.0,-0.07670440377038552,Trent Harris,OLB
46775,2,1,0.06805293005671077,rusher,0.5,0.43194706994328924,J.C. Jackson,CB
46786,1,0,0.07670440377038552,rusher,0.0,-0.07670440377038552,Bunmi Rotimi,DE
46796,7,0,0.07670440377038552,rusher,0.0,-0.07670440377038552,Demone Harris,DE
46843,2,0,0.07670440377038552,rusher,0.0,-0.07670440377038552,Sharif Finch,OLB
46902,4,0,0.06805293005671077,rusher,0.0,-0.06805293005671077,Robert Spillane,OLB
46958,22,4,0.07041242288771297,rusher,0.18181818181818182,0.11140575893046885,Chris Board,MLB
47016,31,1,0.0703198043445472,rusher,0.03225806451612903,-0.038061739828418165,A.J. Johnson,ILB
47785,146,17,0.0765266337625703,rusher,0.11643835616438356,0.03991172240181326,Nick Bosa,DE
47786,149,12,0.05239021036604925,rusher,0.08053691275167785,0.028146702385628594,Quinnen Williams,NT
47787,49,4,0.07670440377038552,rusher,0.08163265306122448,0.00492824929083896,Clelin Ferrell,DE
47788,45,2,0.06920645988520074,rusher,0.044444444444444446,-0.024762015440756298,Devin White,ILB
47790,146,12,0.07664514710111378,rusher,0.0821917808219178,0.005546633720804023,Josh Allen,OLB
47792,139,10,0.061259416539919856,rusher,0.07194244604316546,0.010683029503245609,Ed Oliver,DT
47793,7,1,0.06805293005671077,rusher,0.14285714285714285,0.07480421280043208,Devin Bush,ILB
47795,178,20,0.07641278106093581,rusher,0.11235955056179775,0.03594676950086194,Rashan Gary,OLB
47796,150,4,0.058143068595606105,rusher,0.02666666666666667,-0.03147640192893944,Christian Wilkins,DT
47799,174,23,0.07670440377038552,rusher,0.13218390804597702,0.05547950427559149,Brian Burns,DE
47800,172,11,0.049595701165023307,rusher,0.06395348837209303,0.01435778720706972,Dexter Lawrence,DE
47802,260,20,0.054126319973445775,rusher,0.07692307692307693,0.022796756949631153,Jeffery Simmons,DT
47809,198,16,0.0766607094587003,rusher,0.08080808080808081,0.004147371349380521,Montez Sweat,DE
47810,6,0,0.0709367546279357,rusher,0.0,-0.0709367546279357,Johnathan Abram,SS
47811,174,7,0.06667958626842739,rusher,0.040229885057471264,-0.026449701210956127,Jerry Tillery,DT
47812,18,2,0.06738646442561674,rusher,0.1111111111111111,0.04372464668549436,L.J. Collier,DE
47816,5,0,0.07151351954218067,rusher,0.0,-0.07151351954218067,Byron Murphy,CB
47823,1,1,0.07670440377038552,rusher,1.0,0.9232955962296144,Trayvon Mullen,CB
47826,1,0,0.07670440377038552,rusher,0.0,-0.07670440377038552,Jahlani Tavai,MLB
47828,1,1,0.07670440377038552,rusher,1.0,0.9232955962296144,Joejuan Williams,CB
47830,1,1,0.06805293005671077,rusher,1.0,0.9319470699432892,Marquise Blair,FS
47832,34,4,0.07670440377038552,rusher,0.11764705882352941,0.04094265505314389,Ben Banogu,DE
47844,8,0,0.0712972326993388,rusher,0.0,-0.0712972326993388,Taylor Rapp,FS
47846,3,0,0.07382057919916062,rusher,0.0,-0.07382057919916062,Juan Thornhill,FS
47848,113,4,0.06386308975017417,rusher,0.035398230088495575,-0.028464859661678596,Zach Allen,DE
47854,184,14,0.06412518565494767,rusher,0.07608695652173914,0.011961770866791469,Dre'Mont Jones,DE
47855,9,0,0.0738205791991606,rusher,0.0,-0.0738205791991606,Germaine Pratt,OLB
47860,33,1,0.07644223790027417,rusher,0.030303030303030304,-0.04613920759724387,Chase Winovich,DE
47863,4,0,0.07454153534196684,rusher,0.0,-0.07454153534196684,Sione Takitaki,OLB
47864,3,0,0.06805293005671077,rusher,0.0,-0.06805293005671077,Will Harris,SS
47867,59,5,0.044865478822836584,rusher,0.0847457627118644,0.03988028388902782,Khalen Saunders,DT
47868,5,0,0.07670440377038552,rusher,0.0,-0.07670440377038552,Jaylon Ferguson,OLB
47871,2,1,0.07670440377038552,rusher,0.5,0.4232955962296145,Cody Barton,MLB
47872,17,3,0.07110639136741952,rusher,0.17647058823529413,0.10536419686787461,Bobby Okereke,MLB
47877,1,0,0.06805293005671077,rusher,0.0,-0.06805293005671077,Jamel Dean,CB
47878,76,1,0.07670440377038552,rusher,0.013157894736842105,-0.06354650903354342,Oshane Ximines,OLB
47881,4,0,0.07237866691354815,rusher,0.0,-0.07237866691354815,Quincy Williams,OLB
47882,2,0,0.07237866691354815,rusher,0.0,-0.07237866691354815,Mike Edwards,FS
47888,10,2,0.07237866691354815,rusher,0.2,0.12762133308645185,Chauncey Gardner-Johnson,SS
47889,185,26,0.07670440377038552,rusher,0.14054054054054055,0.06383613677015502,Maxx Crosby,DE
47890,44,1,0.07650777936780201,rusher,0.022727272727272728,-0.05378050664052928,Anthony Nelson,OLB
47891,5,0,0.06805293005671077,rusher,0.0,-0.06805293005671077,Julian Love,SS
47892,6,1,0.0709367546279357,rusher,0.16666666666666666,0.09572991203873096,Khari Willis,SS
47900,49,2,0.07670440377038552,rusher,0.04081632653061224,-0.03588807723977328,Austin Bryant,OLB
47913,9,3,0.0709367546279357,rusher,0.3333333333333333,0.2623965787053976,Drue Tranquill,ILB
47915,3,0,0.0709367546279357,rusher,0.0,-0.0709367546279357,Ugochukwu Amadi,FS
47917,118,10,0.04479216124899189,rusher,0.0847457627118644,0.039953601462872516,Greg Gaines,NT
47933,140,6,0.06418319149142558,rusher,0.04285714285714286,-0.021326048634282724,Kingsley Keke,DE
47934,77,3,0.07636733336595664,rusher,0.03896103896103896,-0.037406294404917675,Andrew Van Ginkel,OLB
47939,62,3,0.07670440377038552,rusher,0.04838709677419355,-0.028317306996191977,Justin Hollins,OLB
47940,1,0,0.06805293005671077,rusher,0.0,-0.06805293005671077,Blake Cashman,ILB
47944,87,3,0.07516212415469965,rusher,0.034482758620689655,-0.04067936553401,Charles Omenihu,DE
47947,3,0,0.07382057919916062,rusher,0.0,-0.07382057919916062,E.J. Speed,OLB
47948,40,3,0.07670440377038552,rusher,0.075,-0.0017044037703855264,Joe Jackson,DE
47956,19,0,0.0698742929438002,rusher,0.0,-0.0698742929438002,Cole Holcomb,OLB
47971,27,2,0.06901420491378574,rusher,0.07407407407407407,0.005059869160288333,David Long,ILB
47973,90,5,0.0453961275719624,rusher,0.05555555555555555,0.01015942798359315,Armon Watts,NT
47975,54,1,0.043159822129217894,rusher,0.018518518518518517,-0.024641303610699376,Isaiah Buggs,DE
47996,1,0,0.06805293005671077,rusher,0.0,-0.06805293005671077,Donovan Wilson,SS
48008,5,1,0.06328657111391847,rusher,0.2,0.13671342888608154,Darryl Johnson,DE
48026,1,0,0.06805293005671077,rusher,0.0,-0.06805293005671077,Nick Scott,SS
48027,20,2,0.0741089616562831,rusher,0.1,0.025891038343716907,Kaden Elliss,OLB
48032,51,2,0.04890981744405777,rusher,0.0392156862745098,-0.009694131169547968,Michael Dogbe,DE
48034,4,0,0.07454153534196684,rusher,0.0,-0.07454153534196684,Dakota Allen,OLB
48089,171,12,0.07670440377038552,rusher,0.07017543859649122,-0.006528965173894299,Malik Reed,OLB
48117,2,0,0.07670440377038552,rusher,0.0,-0.07670440377038552,Demetrius Flannigan-Fowles,MLB
48123,38,0,0.05022183931683213,rusher,0.0,-0.05022183931683213,Kevin Givens,DT
48145,59,5,0.07613585153917929,rusher,0.0847457627118644,0.008609911172685114,Wyatt Ray,DE
48198,68,2,0.043159822129217894,rusher,0.029411764705882353,-0.013748057423335541,Bryan Mone,NT
48247,37,1,0.07670440377038552,rusher,0.02702702702702703,-0.049677376743358495,Tim Ward,DE
48268,15,0,0.0743973441134056,rusher,0.0,-0.0743973441134056,Azeez Al-Shaair,MLB
48364,4,2,0.07454153534196684,rusher,0.5,0.42545846465803316,Del'Shawn Phillips,OLB
48447,1,0,0.06805293005671077,rusher,0.0,-0.06805293005671077,P.J. Locke,FS
48462,14,0,0.05753607140400402,rusher,0.0,-0.05753607140400402,Kevin Strong,DE
48473,5,0,0.043159822129217894,rusher,0.0,-0.043159822129217894,Jonathan Ledbetter,DE
48476,7,0,0.06805293005671077,rusher,0.0,-0.06805293005671077,Nik Needham,CB
48482,1,0,0.06805293005671077,rusher,0.0,-0.06805293005671077,Tyrel Dodson,MLB
48487,1,0,0.06805293005671077,rusher,0.0,-0.06805293005671077,Cameron Lewis,CB
48508,6,1,0.06949484234232323,rusher,0.16666666666666666,0.09717182432434343,Andrew Wingard,FS
48520,3,0,0.043159822129217894,rusher,0.0,-0.043159822129217894,Anthony Rush,DT
48537,86,4,0.07631435049548822,rusher,0.046511627906976744,-0.02980272258851148,Carl Granderson,DE
48544,92,2,0.043159822129217894,rusher,0.021739130434782608,-0.021420691694435286,Shy Tuttle,DT
48554,1,0,0.07670440377038552,rusher,0.0,-0.07670440377038552,Andrew Dowell,OLB
48565,1,0,0.06805293005671077,rusher,0.0,-0.06805293005671077,Chris Westry,CB
48566,2,0,0.043159822129217894,rusher,0.0,-0.043159822129217894,Daniel Wise,DE
48581,2,1,0.06805293005671077,rusher,0.5,0.43194706994328924,Roderic Teamer,CB
48599,44,1,0.043159822129217894,rusher,0.022727272727272728,-0.020432549401945166,Albert Huggins,DT
48663,34,0,0.07473119308561096,rusher,0.0,-0.07473119308561096,Amani Bledsoe,DE
48671,2,0,0.07670440377038552,rusher,0.0,-0.07670440377038552,Derick Roberson,OLB
48780,11,0,0.07119892049804705,rusher,0.0,-0.07119892049804705,Troy Reeder,ILB
49410,1,0,0.06805293005671077,rusher,0.0,-0.06805293005671077,Jalen Thompson,FS
52410,222,19,0.07606102629165423,rusher,0.08558558558558559,0.009524559293931353,Chase Young,DE
52415,157,8,0.054483789180057925,rusher,0.050955414012738856,-0.0035283751673190686,Derrick Brown,DT
52416,16,1,0.07021579848512946,rusher,0.0625,-0.00771579848512946,Isaiah Simmons,ILB
52422,69,3,0.05531365605717718,rusher,0.043478260869565216,-0.011835395187611966,Javon Kinlaw,DT
52428,49,5,0.07635128239431717,rusher,0.10204081632653061,0.025689533932213446,K'Lavon Chaisson,OLB
52431,4,0,0.07021579848512946,rusher,0.0,-0.07021579848512946,Kenneth Murray,ILB
52435,17,1,0.07263312202277387,rusher,0.058823529411764705,-0.01380959261100917,Jordyn Brooks,OLB
52436,12,1,0.07309962305635438,rusher,0.08333333333333333,0.010233710276978947,Patrick Queen,MLB
52438,1,0,0.06805293005671077,rusher,0.0,-0.06805293005671077,Noah Igbinoghene,CB
52444,1,0,0.06805293005671077,rusher,0.0,-0.06805293005671077,Xavier McKinney,FS
52445,3,1,0.0709367546279357,rusher,0.3333333333333333,0.2623965787053976,Kyle Dugger,FS
52446,50,3,0.06932459580932865,rusher,0.06,-0.00932459580932865,Yetur Gross-Matos,DE
52448,67,7,0.04966847229839967,rusher,0.1044776119402985,0.05480913964189883,Ross Blacklock,DT
52453,8,3,0.0734601011277575,rusher,0.375,0.30153989887224253,Antoine Winfield,FS
52455,52,1,0.05993211294980171,rusher,0.019230769230769232,-0.04070134371903248,Marlon Davidson,DT
52456,96,9,0.07670440377038552,rusher,0.09375,0.017045596229614476,Darrell Taylor,DE
52462,88,13,0.07670440377038552,rusher,0.14772727272727273,0.07102286895688721,A.J. Epenesa,DE
52464,53,1,0.04632440530291295,rusher,0.018867924528301886,-0.027456480774611065,Raekwon Davis,NT
52468,87,5,0.07561053927785194,rusher,0.05747126436781609,-0.01813927491003585,Josh Uche,OLB
52471,10,1,0.07237866691354815,rusher,0.1,0.027621333086451857,Willie Gay,OLB
52472,16,4,0.07021579848512946,rusher,0.25,0.17978420151487054,Jeremy Chinn,FS
52473,16,0,0.0712972326993388,rusher,0.0,-0.0712972326993388,Logan Wilson,ILB
52475,54,7,0.0752821454331718,rusher,0.12962962962962962,0.054347484196457824,Julian Okwara,OLB
52476,2,1,0.06805293005671077,rusher,0.5,0.43194706994328924,Ashtyn Davis,SS
52478,23,5,0.07181444036700414,rusher,0.21739130434782608,0.14557686398082192,Brandon Jones,SS
52479,90,3,0.04725971544091616,rusher,0.03333333333333333,-0.013926382107582826,Justin Madubuike,DT
52481,61,4,0.043159822129217894,rusher,0.06557377049180328,0.02241394836258539,Davon Hamilton,DT
52482,5,0,0.07670440377038552,rusher,0.0,-0.07670440377038552,Zack Baun,OLB
52487,9,0,0.07670440377038552,rusher,0.0,-0.07670440377038552,Jabari Zuniga,DE
52492,127,10,0.07663628193012037,rusher,0.07874015748031496,0.0021038755501945894,Terrell Lewis,OLB
52493,2,0,0.06805293005671077,rusher,0.0,-0.06805293005671077,Julian Blackmon,FS
52496,81,1,0.05434134934294044,rusher,0.012345679012345678,-0.04199567033059476,Jordan Elliott,DT
52498,75,6,0.07670440377038552,rusher,0.08,0.003295596229614478,Jonathan Greenard,DE
52503,21,0,0.05913343243453582,rusher,0.0,-0.05913343243453582,McTelvin Agim,DE
52506,7,1,0.07299662932166777,rusher,0.14285714285714285,0.06986051353547508,Malik Harrison,OLB
52510,121,13,0.07663290398762788,rusher,0.10743801652892562,0.03080511254129774,Alex Highsmith,OLB
52515,7,0,0.07176070450542851,rusher,0.0,-0.07176070450542851,Akeem Davis-Gaither,ILB
52518,4,0,0.07237866691354815,rusher,0.0,-0.07237866691354815,Darnay Holmes,CB
52522,68,1,0.04895222662892873,rusher,0.014705882352941176,-0.03424634427598755,Leki Fotu,DT
52525,161,6,0.07201320039440393,rusher,0.037267080745341616,-0.03474611964906231,D.J. Wonnum,DE
52527,3,0,0.07670440377038552,rusher,0.0,-0.07670440377038552,Mykal Walker,ILB
52538,19,1,0.04669083072302501,rusher,0.05263157894736842,0.005940748224343408,James Lynch,NT
52539,46,1,0.04534751223625056,rusher,0.021739130434782608,-0.023608381801467952,Rashard Lawrence,NT
52542,1,0,0.06805293005671077,rusher,0.0,-0.06805293005671077,Jaylinn Hawkins,FS
52546,11,0,0.0751314085497174,rusher,0.0,-0.0751314085497174,L'Jarius Sneed,CB
52555,7,0,0.07670440377038552,rusher,0.0,-0.07670440377038552,Khalid Kareem,DE
52556,51,5,0.07670440377038552,rusher,0.09803921568627451,0.021334811915888985,Alton Robinson,DE
52563,65,8,0.07670440377038552,rusher,0.12307692307692308,0.04637251930653756,Trevis Gipson,OLB
52566,3,2,0.06805293005671077,rusher,0.6666666666666666,0.5986137366099559,Bryce Hall,CB
52578,36,1,0.0645910826221861,rusher,0.027777777777777776,-0.036813304844408326,Broderick Washington,DT
52582,55,0,0.05352814736376062,rusher,0.0,-0.05352814736376062,Larrell Murchison,DT
52585,139,5,0.07615950710134949,rusher,0.03597122302158273,-0.04018828407976675,Michael Danna,DE
52586,20,1,0.06848550374239451,rusher,0.05,-0.018485503742394507,Justin Strnad,ILB
52587,28,0,0.07670440377038552,rusher,0.0,-0.07670440377038552,Bradlee Anae,DE
52591,6,0,0.07382057919916062,rusher,0.0,-0.07382057919916062,Cam Brown,OLB
52592,53,5,0.04379273876395691,rusher,0.09433962264150944,0.05054688387755253,Bravvion Roy,DT
52602,4,0,0.0515459675395098,rusher,0.0,-0.0515459675395098,Khalil Davis,DT
52605,38,0,0.043159822129217894,rusher,0.0,-0.043159822129217894,John Penisini,NT
52624,4,0,0.06805293005671077,rusher,0.0,-0.06805293005671077,Kamren Curl,FS
52626,17,0,0.06957966071206514,rusher,0.0,-0.06957966071206514,Carter Coughlin,ILB
52633,10,0,0.06999548744215199,rusher,0.0,-0.06999548744215199,Kenny Willekes,DE
52637,66,1,0.07657332083532985,rusher,0.015151515151515152,-0.061421805683814695,James Smith-Williams,DE
52640,9,0,0.046886997867125406,rusher,0.0,-0.046886997867125406,Carlos Davis,DT
52641,24,2,0.07670440377038552,rusher,0.08333333333333333,0.006628929562947805,Casey Toohill,DE
52643,3,0,0.043159822129217894,rusher,0.0,-0.043159822129217894,Jashon Cornell,DE
52650,86,4,0.07670440377038552,rusher,0.046511627906976744,-0.03019277586340878,Jonathan Garvin,OLB
52651,1,0,0.06805293005671077,rusher,0.0,-0.06805293005671077,Chris Jackson,CB
52662,13,0,0.07603890579241054,rusher,0.0,-0.07603890579241054,Derrek Tuszka,OLB
52663,14,0,0.0686708924648304,rusher,0.0,-0.0686708924648304,Tae Crowder,ILB
52665,90,0,0.044181847364882655,rusher,0.0,-0.044181847364882655,Malcolm Roach,DT
52759,14,0,0.05274398831240864,rusher,0.0,-0.05274398831240864,Chris Williams,DT
52792,115,4,0.04986873845745141,rusher,0.034782608695652174,-0.015086129761799238,Tershawn Wharton,DT
52805,29,1,0.06745072607627031,rusher,0.034482758620689655,-0.03296796745558066,Joe Gaziano,DE
52829,6,0,0.043159822129217894,rusher,0.0,-0.043159822129217894,Breiden Fehoko,NT
52830,11,0,0.06450637408268821,rusher,0.0,-0.06450637408268821,Eric Banks,DT
52835,55,0,0.06938558595776713,rusher,0.0,-0.06938558595776713,Michael Hoecht,DT
52846,53,2,0.060248571267171216,rusher,0.03773584905660377,-0.022512722210567444,Jonah Williams,DE
52863,5,1,0.06805293005671077,rusher,0.2,0.13194706994328925,Krys Barnes,ILB
52886,1,0,0.07670440377038552,rusher,0.0,-0.07670440377038552,Blake Lynch,OLB
52887,5,0,0.043159822129217894,rusher,0.0,-0.043159822129217894,David Moa,DT
52932,18,1,0.07670440377038552,rusher,0.05555555555555555,-0.02114884821482997,Ladarius Hamilton,OLB
52945,1,0,0.07670440377038552,rusher,0.0,-0.07670440377038552,Jace Whittaker,CB
52971,35,6,0.07670440377038552,rusher,0.17142857142857143,0.0947241676581859,Jamir Jones,OLB
52979,20,0,0.07670440377038552,rusher,0.0,-0.07670440377038552,Chauncey Rivers,OLB
52991,1,0,0.06805293005671077,rusher,0.0,-0.06805293005671077,Myles Bryant,CB
53039,12,0,0.07390902196695488,rusher,0.0,-0.07390902196695488,Azur Kamara,DE
53051,4,0,0.07454153534196684,rusher,0.0,-0.07454153534196684,Javelin Guidry,CB
53053,126,14,0.07663574128059446,rusher,0.1111111111111111,0.03447536983051665,Bryce Huff,DE
53073,89,7,0.043536727540916406,rusher,0.07865168539325842,0.03511495785234202,Teair Tart,DT
53315,1,0,0.07670440377038552,rusher,0.0,-0.07670440377038552,Aaron Patrick,OLB
53437,1,0,0.06805293005671077,rusher,0.0,-0.06805293005671077,Jaycee Horn,CB
53438,1,0,0.06805293005671077,rusher,0.0,-0.06805293005671077,Patrick Surtain,CB
53441,100,12,0.07462805007910359,rusher,0.12,0.04537194992089641,Micah Parsons,OLB
53445,12,0,0.0709367546279357,rusher,0.0,-0.0709367546279357,Zaven Collins,ILB
53447,158,12,0.07627978881290239,rusher,0.0759493670886076,-0.0003304217242947882,Jaelan Phillips,OLB
53448,10,0,0.0706483721708132,rusher,0.0,-0.0706483721708132,Jamin Davis,MLB
53450,101,8,0.07604015462897626,rusher,0.07920792079207921,0.0031677661631029502,Kwity Paye,DE
53457,82,7,0.07629532350646885,rusher,0.08536585365853659,0.00907053015206774,Payton Turner,DE
53459,93,5,0.07670440377038552,rusher,0.053763440860215055,-0.02294096291017047,Gregory Rousseau,DE
53460,159,15,0.07558845600225317,rusher,0.09433962264150944,0.018751166639256273,Odafe Oweh,OLB
53461,89,10,0.07574425293978759,rusher,0.11235955056179775,0.03661529762201016,Joe Tryon,OLB
53465,5,1,0.07670440377038552,rusher,0.2,0.12329559622961449,Jevon Holland,FS
53467,182,6,0.048873459661504685,rusher,0.03296703296703297,-0.015906426694471718,Christian Barmore,DT
53469,3,0,0.06805293005671077,rusher,0.0,-0.06805293005671077,Richie Grant,SS
53470,50,0,0.049695708983177926,rusher,0.0,-0.049695708983177926,Levi Onwuzurike,DE
53472,1,0,0.06805293005671077,rusher,0.0,-0.06805293005671077,Trevon Moehrig,FS
53479,154,11,0.07670440377038552,rusher,0.07142857142857142,-0.005275832341814099,Azeez Ojulari,OLB
53481,14,0,0.07052477968918927,rusher,0.0,-0.07052477968918927,Jeremiah Owusu-Koramoah,OLB
53483,11,0,0.058407359238839544,rusher,0.0,-0.058407359238839544,Dayo Odeyingbo,DE
53487,10,1,0.07324381428491562,rusher,0.1,0.026756185715084382,Nick Bolton,ILB
53489,10,0,0.07151351954218067,rusher,0.0,-0.07151351954218067,Pete Werner,OLB
53490,28,1,0.0707142999058913,rusher,0.03571428571428571,-0.03500001419160559,Carlos Basham,DE
53501,61,3,0.046459289175890116,rusher,0.04918032786885246,0.0027210386929623423,Alim McNeill,NT
53502,88,5,0.05497666338917467,rusher,0.056818181818181816,0.0018415184290071496,Milton Williams,DT
53504,171,9,0.05939110167602046,rusher,0.05263157894736842,-0.0067595227286520385,Osa Odighizuwa,DT
53509,2,0,0.07670440377038552,rusher,0.0,-0.07670440377038552,Divine Deablo,OLB
53513,71,3,0.0713855041680402,rusher,0.04225352112676056,-0.029131983041279633,Chauncey Golston,DE
53529,7,0,0.06805293005671077,rusher,0.0,-0.06805293005671077,Elijah Molden,CB
53530,1,1,0.06805293005671077,rusher,1.0,0.9319470699432892,Ifeatu Melifonwu,CB
53532,9,1,0.06901420491378575,rusher,0.1111111111111111,0.042096906197325354,Ernest Jones,ILB
53533,12,0,0.06949484234232323,rusher,0.0,-0.06949484234232323,Brandon Stephens,FS
53534,10,0,0.06805293005671077,rusher,0.0,-0.06805293005671077,Baron Browning,ILB
53535,3,0,0.043159822129217894,rusher,0.0,-0.043159822129217894,Jay Tufele,DT
53540,123,7,0.07343176165905209,rusher,0.056910569105691054,-0.016521192553361035,Cameron Sample,DE
53542,1,0,0.06805293005671077,rusher,0.0,-0.06805293005671077,Derrick Barnes,ILB
53546,8,0,0.043159822129217894,rusher,0.0,-0.043159822129217894,Bobby Brown,NT
53547,20,1,0.07670440377038552,rusher,0.05,-0.02670440377038552,Chris Rumph,OLB
53564,4,0,0.07670440377038552,rusher,0.0,-0.07670440377038552,Rashad Weaver,OLB
53565,1,0,0.06805293005671077,rusher,0.0,-0.06805293005671077,Marco Wilson,CB
53573,19,0,0.07493889947348197,rusher,0.0,-0.07493889947348197,Joshua Kaindoh,DE
53575,4,0,0.07454153534196684,rusher,0.0,-0.07454153534196684,Jamien Sherwood,ILB
53577,50,0,0.051210521723098125,rusher,0.0,-0.051210521723098125,Ta'Quon Graham,DE
53581,1,0,0.06805293005671077,rusher,0.0,-0.06805293005671077,Caden Sterns,FS
53583,8,0,0.07021579848512946,rusher,0.0,-0.07021579848512946,Michael Carter,CB
53585,39,0,0.051760996909004466,rusher,0.0,-0.051760996909004466,Isaiahh Loudermilk,DE
53587,31,2,0.04640607196545993,rusher,0.06451612903225806,0.018110057066798135,Daviyon Nixon,DT
53596,2,0,0.07670440377038552,rusher,0.0,-0.07670440377038552,Nate Hobbs,CB
53600,3,1,0.07670440377038552,rusher,0.3333333333333333,0.2566289295629478,Daelin Hayes,OLB
53601,1,0,0.06805293005671077,rusher,0.0,-0.06805293005671077,Deommodore Lenoir,CB
53602,24,1,0.045955203932648535,rusher,0.041666666666666664,-0.0042885372659818705,Tedarrell Slaton,DT
53605,1,0,0.06805293005671077,rusher,0.0,-0.06805293005671077,K.J. Britt,ILB
53609,3,1,0.06805293005671077,rusher,0.3333333333333333,0.26528040327662256,Talanoa Hufanga,SS
53611,83,2,0.07630025218434736,rusher,0.024096385542168676,-0.05220386664217868,Adetokunbo Ogundeji,OLB
53612,3,0,0.0709367546279357,rusher,0.0,-0.0709367546279357,Avery Williams,RB
53615,1,0,0.06805293005671077,rusher,0.0,-0.06805293005671077,Hamsah Nasirildeen,ILB
53618,14,0,0.05993211294980171,rusher,0.0,-0.05993211294980171,Marlon Tuipulotu,DT
53620,40,4,0.07586578922935633,rusher,0.1,0.024134210770643677,Tarron Jackson,DE
53621,47,0,0.04387353663222146,rusher,0.0,-0.04387353663222146,Quinton Bohanna,DT
53624,86,0,0.04393992867901249,rusher,0.0,-0.04393992867901249,Roy Lopez,DT
53636,3,0,0.043159822129217894,rusher,0.0,-0.043159822129217894,Jonathan Marshall,DT
53639,7,0,0.07670440377038552,rusher,0.0,-0.07670440377038552,Victor Dimukeje,OLB
53645,43,3,0.07670440377038552,rusher,0.06976744186046512,-0.006936961909920408,Quincy Roche,OLB
53663,2,1,0.07670440377038552,rusher,0.5,0.4232955962296145,Patrick Johnson,ILB
53668,70,4,0.07670440377038552,rusher,0.05714285714285714,-0.019561546627528383,Jonathon Cooper,OLB
53674,3,0,0.0709367546279357,rusher,0.0,-0.0709367546279357,Tre Norwood,FS
53675,5,1,0.07670440377038552,rusher,0.2,0.12329559622961449,Shaka Toney,DE
53679,23,1,0.044618282200573005,rusher,0.043478260869565216,-0.0011400213310077886,Khyiris Tonga,NT
53681,2,1,0.07670440377038552,rusher,0.5,0.4232955962296145,Chris Garrett,LB
53688,1,0,0.06805293005671077,rusher,0.0,-0.06805293005671077,Grant Stuard,ILB
53740,11,0,0.04620932955114223,rusher,0.0,-0.04620932955114223,Josiah Bronson,DT
53876,29,2,0.06629401636450592,rusher,0.06896551724137931,0.0026715008768733867,Raymond Johnson,DE
53900,67,0,0.043159822129217894,rusher,0.0,-0.043159822129217894,Naquan Jones,DT
53910,16,0,0.07670440377038552,rusher,0.0,-0.07670440377038552,Sam Kamara,OLB
53930,12,0,0.07670440377038552,rusher,0.0,-0.07670440377038552,Andre Mintze,OLB
53935,5,0,0.07670440377038552,rusher,0.0,-0.07670440377038552,Darius Hodge,DE
53957,6,0,0.06805293005671077,rusher,0.0,-0.06805293005671077,A.J. Parker,CB
53978,10,0,0.05322319662156818,rusher,0.0,-0.05322319662156818,Austin Faoliu,DT
53991,3,0,0.043159822129217894,rusher,0.0,-0.043159822129217894,Forrest Merrill,DT
53999,2,0,0.043159822129217894,rusher,0.0,-0.043159822129217894,Jack Heflin,DT
29550,216,22,0.07323794591739281,blocker,0.10185185185185185,0.028613905934459033,Jason Peters,T
30842,17,0,0.07473119308561096,blocker,0.0,-0.07473119308561096,Marcedes Lewis,TE
30869,209,6,0.07328742290248252,blocker,0.028708133971291867,-0.04457928893119066,Andrew Whitworth,T
33107,220,15,0.0728483704614928,blocker,0.06818181818181818,-0.004666552279674621,Duane Brown,T
34457,19,0,0.0731733951765784,blocker,0.0,-0.0731733951765784,Andre Smith,T
34472,211,5,0.052252570948332425,blocker,0.023696682464454975,-0.02855588848387745,Alex Mack,C
34540,13,1,0.07603890579241054,blocker,0.07692307692307693,0.0008841711306663835,Jared Cook,TE
35443,168,5,0.0714614835538139,blocker,0.02976190476190476,-0.04169957879190914,Trent Williams,T
35462,27,3,0.07049244420720634,blocker,0.1111111111111111,0.04061866690390477,Bryan Bulaga,T
35472,204,11,0.056553407589682914,blocker,0.05392156862745098,-0.0026318389622319305,Rodger Saffold,G
35481,12,1,0.07670440377038552,blocker,0.08333333333333333,0.006628929562947805,Rob Gronkowski,TE
35534,4,0,0.06831825836009361,blocker,0.0,-0.06831825836009361,Jimmy Graham,TE
36785,38,4,0.07670440377038552,blocker,0.10526315789473684,0.028558754124351313,Ty Nsekhe,T
37082,208,16,0.07097159310653096,blocker,0.07692307692307693,0.005951483816545963,Tyron Smith,T
37090,275,29,0.07163643246882641,blocker,0.10545454545454545,0.033818112985719045,Nate Solder,T
37101,14,1,0.07121855018398972,blocker,0.07142857142857142,0.0002100212445817068,Mark Ingram,RB
37118,40,3,0.07648811692754366,blocker,0.075,-0.0014881169275436645,Kyle Rudolph,TE
37130,139,2,0.04948895366281862,blocker,0.014388489208633094,-0.03510046445418553,Rodney Hudson,C
37179,5,0,0.07497410902765057,blocker,0.0,-0.07497410902765057,Luke Stocker,TE
37213,103,7,0.06880419568201952,blocker,0.06796116504854369,-0.0008430306334758358,Marcus Cannon,T
37234,26,1,0.07508147856443005,blocker,0.038461538461538464,-0.03661994010289159,Lee Smith,TE
37266,245,7,0.054272388035371606,blocker,0.02857142857142857,-0.025700959463943036,Jason Kelce,C
37792,2,0,0.07670440377038552,blocker,0.0,-0.07670440377038552,Nick Bellore,LB
38553,250,8,0.07233724027775254,blocker,0.032,-0.04033724027775254,Riley Reiff,T
38557,244,7,0.0566550538296585,blocker,0.028688524590163935,-0.027966529239494563,Kevin Zeitler,G
38606,37,0,0.05830968972307312,blocker,0.0,-0.05830968972307312,Brandon Brooks,G
38629,261,14,0.05339633982247131,blocker,0.05363984674329502,0.0002435069208237134,Ben Jones,C
38642,277,17,0.07334101703589978,blocker,0.061371841155234655,-0.011969175880665123,Bobby Massie,T
38681,2,0,0.059932112949801705,blocker,0.0,-0.059932112949801705,Senio Kelemete,G
38696,2,1,0.07237866691354815,blocker,0.5,0.42762133308645184,Marvin Jones,WR
38779,137,7,0.07424814734976357,blocker,0.051094890510948905,-0.02315325683881466,Kelvin Beachum,T
39109,1,0,0.07670440377038552,blocker,0.0,-0.07670440377038552,Derek Carrier,TE
39146,106,6,0.07289689157314455,blocker,0.05660377358490566,-0.01629311798823889,Mike Remmers,T
39212,19,3,0.07175151442107548,blocker,0.15789473684210525,0.08614322242102977,Brandon Bolden,RB
39684,263,14,0.058070590617339636,blocker,0.053231939163498096,-0.00483865145384154,Greg Van Roten,G
39907,11,1,0.07670440377038552,blocker,0.09090909090909091,0.014204687138705388,Darren Fells,TE
39947,206,20,0.07454036324483997,blocker,0.0970873786407767,0.02254701539593673,Eric Fisher,T
39950,132,7,0.07440923295232461,blocker,0.05303030303030303,-0.021378929922021582,Lane Johnson,T
39965,214,4,0.05667086357046569,blocker,0.018691588785046728,-0.03797927478541896,Justin Pugh,G
39975,10,2,0.07248479823490128,blocker,0.2,0.12751520176509873,Cordarrelle Patterson,RB
39983,6,0,0.07670440377038552,blocker,0.0,-0.07670440377038552,Zach Ertz,TE
39985,11,2,0.07277191571871518,blocker,0.18181818181818182,0.10904626609946665,Giovani Bernard,RB
39989,4,0,0.07670440377038552,blocker,0.0,-0.07670440377038552,Robert Woods,WR
39996,10,0,0.06988935612079886,blocker,0.0,-0.06988935612079886,Le'Veon Bell,RB
40011,7,0,0.07670440377038552,blocker,0.0,-0.07670440377038552,Travis Kelce,TE
40020,7,0,0.05274398831240864,blocker,0.0,-0.05274398831240864,Brian Winters,G
40023,121,7,0.07088261687398453,blocker,0.05785123966942149,-0.013031377204563044,Terron Armstead,T
40070,232,5,0.049727172050076936,blocker,0.021551724137931036,-0.0281754479121459,J.C. Tretter,C
40078,12,1,0.07454153534196684,blocker,0.08333333333333333,0.008791797991366493,Kyle Juszczyk,FB
40089,166,10,0.05325721832707844,blocker,0.060240963855421686,0.006983745528343244,Oday Aboushi,G
40124,271,23,0.07187303846699412,blocker,0.08487084870848709,0.012997810241492963,David Quessenberry,G
40129,23,1,0.06640289516537526,blocker,0.043478260869565216,-0.022924634295810042,Latavius Murray,RB
40138,10,2,0.07151351954218067,blocker,0.2,0.12848648045781935,Rex Burkhead,RB
40149,32,3,0.07616368666328086,blocker,0.09375,0.017586313336719145,Ryan Griffin,TE
40151,292,8,0.050927407146449395,blocker,0.0273972602739726,-0.023530146872476794,Ryan Jensen,C
40416,18,1,0.07297722803247801,blocker,0.05555555555555555,-0.01742167247692246,Christopher Hubbard,T
40615,11,0,0.07670440377038552,blocker,0.0,-0.07670440377038552,Demetrius Harris,TE
40641,13,0,0.07412405133644956,blocker,0.0,-0.07412405133644956,Jack Doyle,TE
41069,52,2,0.055728835309910255,blocker,0.038461538461538464,-0.01726729684837179,James Ferentz,C
41222,250,26,0.0730081319105759,blocker,0.104,0.0309918680894241,Alejandro Villanueva,T
41232,283,17,0.07160377365100835,blocker,0.06007067137809187,-0.011533102272916484,Jake Matthews,T
41236,4,0,0.07670440377038552,blocker,0.0,-0.07670440377038552,Eric Ebron,TE
41237,181,14,0.07266909639134936,blocker,0.07734806629834254,0.00467896990699318,Taylor Lewan,T
41242,200,9,0.05535503049360804,blocker,0.045,-0.010355030493608045,Zack Martin,G
41262,58,2,0.057040338670390704,blocker,0.034482758620689655,-0.02255758004970105,Xavier Su'a-Filo,G
41264,239,3,0.05465551984861183,blocker,0.012552301255230125,-0.04210321859338171,Joel Bitonio,G
41286,15,4,0.07151351954218067,blocker,0.26666666666666666,0.195153147124486,Carlos Hyde,RB
41293,160,11,0.05073489187885279,blocker,0.06875,0.018015108121147212,Justin Britt,C
41295,234,10,0.07228836452427619,blocker,0.042735042735042736,-0.02955332178923345,Morgan Moses,T
41296,220,8,0.07243026922872087,blocker,0.03636363636363636,-0.036066632865084505,Billy Turner,T
41310,221,8,0.05639469746889299,blocker,0.03619909502262444,-0.02019560244626855,Gabe Jackson,G
41321,220,10,0.06286364573017593,blocker,0.045454545454545456,-0.017409100275630474,Trai Turner,G
41322,154,6,0.05382620646170934,blocker,0.03896103896103896,-0.014865167500670379,Brandon Linder,G
41324,109,8,0.05491416111684158,blocker,0.07339449541284404,0.01848033429600246,Michael Schofield,G
41325,2,0,0.07237866691354815,blocker,0.0,-0.07237866691354815,Jerick McKinnon,RB
41332,3,1,0.07382057919916062,blocker,0.3333333333333333,0.2595127541341727,Devonta Freeman,RB
41349,5,0,0.069995487442152,blocker,0.0,-0.069995487442152,Logan Thomas,TE
41359,10,1,0.06978322479944572,blocker,0.1,0.030216775200554283,James White,RB
41390,261,16,0.05008788139734991,blocker,0.06130268199233716,0.011214800594987251,Corey Linsley,C
41436,284,15,0.05106603460644032,blocker,0.0528169014084507,0.0017508668020103854,Matt Paradis,C
41475,292,11,0.07345453708244067,blocker,0.03767123287671233,-0.03578330420572834,Charles Leno,T
41532,118,2,0.06610387573944985,blocker,0.01694915254237288,-0.04915472319707698,James Hurst,T
41563,111,8,0.07307796251188092,blocker,0.07207207207207207,-0.0010058904398088514,Cornelius Lucas,T
41619,243,13,0.05008013201776905,blocker,0.053497942386831275,0.0034178103690622255,Trey Hopkins,C
41630,94,10,0.04831731642684166,blocker,0.10638297872340426,0.0580656622965626,Justin McCray,C
41665,97,1,0.05403675359186205,blocker,0.010309278350515464,-0.04372747524134659,Tyler Shatley,G
41667,13,0,0.07154369890251358,blocker,0.0,-0.07154369890251358,Josh Wells,T
41707,25,2,0.05926122131697836,blocker,0.08,0.02073877868302164,Tyler Larsen,C
41712,10,3,0.06988935612079886,blocker,0.3,0.23011064387920113,Damien Williams,RB
41808,13,0,0.07603890579241054,blocker,0.0,-0.07603890579241054,Keith Smith,FB
41939,244,9,0.05737789965719749,blocker,0.036885245901639344,-0.020492653755558143,Andrew Norwell,G
41959,265,13,0.0542258508483437,blocker,0.04905660377358491,-0.005169247074758791,Matt Feiler,G
42033,1,1,0.07670440377038552,blocker,1.0,0.9232955962296144,Cameron Brate,TE
42302,23,1,0.07486979266800108,blocker,0.043478260869565216,-0.03139153179843586,Chris Manhertz,TE
42348,110,2,0.06000111440889392,blocker,0.01818181818181818,-0.04181929622707574,Brandon Scherff,G
42352,290,11,0.057783050731196786,blocker,0.03793103448275862,-0.019852016248438166,Ereck Flowers,G
42356,123,4,0.0586876150326284,blocker,0.032520325203252036,-0.026167289829376363,Andrus Peat,G
42358,18,5,0.07285930434208564,blocker,0.2777777777777778,0.20491847343569214,Melvin Gordon,RB
42362,209,21,0.07332881751355273,blocker,0.10047846889952153,0.027149651385968795,Cameron Erving,T
42364,21,1,0.07191232067879014,blocker,0.047619047619047616,-0.02429327305974252,Cedric Ogbuehi,T
42367,229,11,0.07479549165445229,blocker,0.048034934497816595,-0.026760557156635695,D.J. Humphries,T
42371,211,7,0.05471926133717065,blocker,0.03317535545023697,-0.02154390588693368,Laken Tomlinson,G
42377,291,19,0.07381527261074204,blocker,0.06529209621993128,-0.008523176390810766,Donovan Smith,T
42392,243,2,0.04722555541561357,blocker,0.00823045267489712,-0.03899510274071645,Mitch Morse,C
42397,3,1,0.07670440377038552,blocker,0.3333333333333333,0.2566289295629478,Ameer Abdullah,RB
42398,20,2,0.07627183008470179,blocker,0.1,0.02372816991529822,Maxx Williams,TE
42400,244,5,0.07199035228379985,blocker,0.020491803278688523,-0.05149854900511133,Rob Havenstein,T
42402,64,6,0.06923134725960393,blocker,0.09375,0.024518652740396066,Ty Sambrailo,T
42404,293,9,0.05505556462423782,blocker,0.030716723549488054,-0.02433884107474977,Ali Marpet,G
42410,106,4,0.06372961275823578,blocker,0.03773584905660377,-0.025993763701632012,A.J. Cann,G
42416,4,1,0.07454153534196684,blocker,0.25,0.17545846465803316,Tevin Coleman,RB
42419,2,0,0.07670440377038552,blocker,0.0,-0.07670440377038552,Chris Conley,WR
42424,215,13,0.050638972326189906,blocker,0.06046511627906977,0.00982614395287986,John Miller,G
42428,22,1,0.0763111549652185,blocker,0.045454545454545456,-0.03085660951067304,Tyler Kroft,TE
42429,25,5,0.07151351954218067,blocker,0.2,0.12848648045781935,David Johnson,RB
42437,1,0,0.07670440377038552,blocker,0.0,-0.07670440377038552,Ty Montgomery,WR
42445,245,13,0.06686872073327944,blocker,0.053061224489795916,-0.013807496243483527,Daryl Williams,T
42448,1,0,0.07670440377038552,blocker,0.0,-0.07670440377038552,Jamison Crowder,WR
42460,17,0,0.07275798240083639,blocker,0.0,-0.07275798240083639,Blake Bell,TE
42469,32,3,0.07106004018370933,blocker,0.09375,0.02268995981629067,Mike Davis,RB
42471,219,10,0.05198973227457613,blocker,0.045662100456621,-0.0063276318179551275,Jon Feliciano,G
42474,218,10,0.05868164549116195,blocker,0.045871559633027525,-0.012810085858134423,Shaquille Mason,G
42476,108,0,0.05410103062867169,blocker,0.0,-0.05410103062867169,Max Garcia,C
42477,190,11,0.05740370114392232,blocker,0.05789473684210526,0.0004910356981829428,Mark Glowinski,G
42486,26,2,0.07508147856443005,blocker,0.07692307692307693,0.001841598358646876,MyCole Pruitt,TE
42500,16,1,0.07454153534196684,blocker,0.0625,-0.012041535341966836,C.J. Uzomah,TE
42503,11,0,0.07591790616005145,blocker,0.0,-0.07591790616005145,Jesse James,TE
42511,1,0,0.07670440377038552,blocker,0.0,-0.07670440377038552,Michael Burton,FB
42547,10,0,0.07583925639901805,blocker,0.0,-0.07583925639901805,Darren Waller,TE
42565,74,4,0.05130497289040014,blocker,0.05405405405405406,0.0027490811636539172,Austin Reiter,C
42569,18,1,0.07484081590143177,blocker,0.05555555555555555,-0.019285260345876215,Bobby Hart,T
42587,2,0,0.07670440377038552,blocker,0.0,-0.07670440377038552,Trenton Brown,T
42589,32,0,0.07616368666328086,blocker,0.0,-0.07616368666328086,Geoff Swaim,TE
42598,10,1,0.043159822129217894,blocker,0.1,0.05684017787078211,Denzelle Good,G
42654,54,4,0.07265680308011968,blocker,0.07407407407407407,0.0014172709939543893,La'el Collins,T
42721,8,0,0.07670440377038552,blocker,0.0,-0.07670440377038552,Eric Tomlinson,TE
42765,166,11,0.05825060238793377,blocker,0.06626506024096386,0.008014457853030094,Chris Reed,G
42810,16,2,0.06831825836009361,blocker,0.125,0.056681741639906386,B.J. Finney,C
42837,37,3,0.06959929244454065,blocker,0.08108108108108109,0.011481788636540438,Malcolm Brown,RB
42883,273,13,0.049537603468778786,blocker,0.047619047619047616,-0.0019185558497311697,David Andrews,C
42924,281,26,0.06876025199473448,blocker,0.09252669039145907,0.023766438396724585,Jesse Davis,T
42952,28,5,0.07160333947473033,blocker,0.17857142857142858,0.10696808909669825,Kendall Lamm,T
42954,111,4,0.0531913540341291,blocker,0.036036036036036036,-0.017155317998093063,Greg Mancz,C
43045,250,10,0.05911855248470543,blocker,0.04,-0.019118552484705433,Quinton Spain,G
43293,26,4,0.0697574947406302,blocker,0.15384615384615385,0.08408865910552366,Ezekiel Elliott,RB
43295,34,7,0.0717713770584491,blocker,0.20588235294117646,0.13411097588272736,Ronnie Stanley,T
43297,147,3,0.07213329529394415,blocker,0.02040816326530612,-0.05172513202863803,Jack Conklin,T
43302,120,9,0.07299831181164507,blocker,0.075,0.0020016881883549303,Laremy Tunsil,T
43307,248,6,0.05096148194795574,blocker,0.024193548387096774,-0.026767933560858964,Ryan Kelly,C
43320,126,11,0.07383614791679266,blocker,0.0873015873015873,0.013465439384794636,Germain Ifedi,T
43324,24,0,0.07598344762757929,blocker,0.0,-0.07598344762757929,Hunter Henry,TE
43329,1,0,0.07670440377038552,blocker,0.0,-0.07670440377038552,Sterling Shepard,WR
43334,27,2,0.07165622032624726,blocker,0.07407407407407407,0.002417853747826812,Derrick Henry,RB
43337,36,1,0.07460049718716302,blocker,0.027777777777777776,-0.04682271940938525,Jason Spriggs,T
43344,1,0,0.07670440377038552,blocker,0.0,-0.07670440377038552,Tyler Boyd,WR
43345,242,9,0.056967927243056576,blocker,0.0371900826446281,-0.019777844598428476,Cody Whitehair,G
43362,15,2,0.07151351954218067,blocker,0.13333333333333333,0.06181981379115266,Kenyan Drake,RB
43367,323,16,0.05485859089732214,blocker,0.04953560371517028,-0.005322987182151857,Joe Thuney,G
43368,74,1,0.05526780749927627,blocker,0.013513513513513514,-0.041754293985762754,Isaac Seumalo,G
43370,25,0,0.07635834482183854,blocker,0.0,-0.07635834482183854,Austin Hooper,TE
43384,196,16,0.06018070939184994,blocker,0.08163265306122448,0.021451943669374543,Graham Glasgow,G
43399,22,0,0.07517965005942336,blocker,0.0,-0.07517965005942336,Tyler Higbee,TE
43415,3,0,0.07670440377038552,blocker,0.0,-0.07670440377038552,Demarcus Robinson,WR
43425,31,4,0.07007496045744581,blocker,0.12903225806451613,0.058957297607070316,Devontae Booker,RB
43433,260,10,0.05046422377144388,blocker,0.038461538461538464,-0.012002685309905413,Connor McGovern,C
43444,72,2,0.07285706867534364,blocker,0.027777777777777776,-0.04507929089756586,Joe Haeg,T
43447,169,8,0.07198558839235072,blocker,0.047337278106508875,-0.02464831028584185,Brandon Shell,T
43453,299,16,0.06082430252608614,blocker,0.05351170568561873,-0.0073125968404674085,Halapoulivaati Vaitai,G
43460,11,0,0.07119892049804705,blocker,0.0,-0.07119892049804705,Alex Collins,RB
43465,4,0,0.07454153534196684,blocker,0.0,-0.07454153534196684,Andy Janovich,FB
43484,176,12,0.05925598791818589,blocker,0.06818181818181818,0.008925830263632285,Wes Schweitzer,G
43495,1,0,0.07670440377038552,blocker,0.0,-0.07670440377038552,Mike Thomas,WR
43510,140,6,0.05405043994959525,blocker,0.04285714285714286,-0.01119329709245239,Ted Karras,C
43525,1,0,0.07670440377038552,blocker,0.0,-0.07670440377038552,Dwayne Washington,RB
43586,222,11,0.07190333867120885,blocker,0.04954954954954955,-0.0223537891216593,George Fant,T
43640,163,19,0.07356440255362977,blocker,0.1165644171779141,0.043000014624284336,Rashod Hill,T
43648,39,1,0.06444092641935932,blocker,0.02564102564102564,-0.03879990077833368,Justin Murray,T
43695,136,6,0.05887409005647909,blocker,0.04411764705882353,-0.014756442997655557,Matt Skura,C
43722,17,3,0.07167773177490222,blocker,0.17647058823529413,0.10479285646039191,J.D. McKissic,RB
43821,1,0,0.043159822129217894,blocker,0.0,-0.043159822129217894,Jake Brendel,C
43845,4,0,0.07670440377038552,blocker,0.0,-0.07670440377038552,Stephen Anderson,TE
43861,5,0,0.0630743084712122,blocker,0.0,-0.0630743084712122,Peyton Barber,RB
43880,5,0,0.06826519269941704,blocker,0.0,-0.06826519269941704,Elijhaa Penny,RB
43971,8,0,0.07454153534196684,blocker,0.0,-0.07454153534196684,C.J. Ham,FB
44009,2,0,0.07670440377038552,blocker,0.0,-0.07670440377038552,J.P. Holtz,TE
44045,1,0,0.06805293005671077,blocker,0.0,-0.06805293005671077,Jalen Richard,RB
44068,131,2,0.04929729271070256,blocker,0.015267175572519083,-0.03403011713818348,Lucas Patrick,G
44075,16,0,0.07670440377038552,blocker,0.0,-0.07670440377038552,Garrett Griffin,TE
44792,13,0,0.07670440377038552,blocker,0.0,-0.07670440377038552,Mo Alie-Cox,TE
44816,15,0,0.07209028445642567,blocker,0.0,-0.07209028445642567,Leonard Fournette,RB
44820,11,3,0.06893591068645678,blocker,0.2727272727272727,0.20379136204081594,Christian McCaffrey,RB
44831,15,0,0.07670440377038552,blocker,0.0,-0.07670440377038552,O.J. Howard,TE
44832,275,33,0.07191185296699373,blocker,0.12,0.04808814703300626,Garett Bolles,T
44835,5,0,0.07670440377038552,blocker,0.0,-0.07670440377038552,Evan Engram,TE
44841,24,1,0.07670440377038552,blocker,0.041666666666666664,-0.03503773710371886,David Njoku,TE
44844,199,17,0.07164209843144803,blocker,0.08542713567839195,0.013785037246943924,Ryan Ramczyk,T
44846,251,21,0.07322543789037002,blocker,0.08366533864541832,0.010439900755048304,Cam Robinson,T
44853,16,0,0.06771120917714324,blocker,0.0,-0.06771120917714324,Dalvin Cook,RB
44856,7,0,0.07670440377038552,blocker,0.0,-0.07670440377038552,Gerald Everett,TE
44857,20,3,0.07502717468832713,blocker,0.15,0.07497282531167286,Adam Shaheen,TE
44860,18,2,0.07099571647313188,blocker,0.1111111111111111,0.040115394637979224,Joe Mixon,RB
44870,35,3,0.04578788702092727,blocker,0.08571428571428572,0.03992639869335844,Ethan Pocic,C
44875,247,10,0.07391389408024693,blocker,0.04048582995951417,-0.03342806412073276,Dion Dawkins,T
44876,289,29,0.07220388984822153,blocker,0.10034602076124567,0.028142130913024144,Taylor Moton,T
44879,15,4,0.06934796831367158,blocker,0.26666666666666666,0.1973186983529951,Alvin Kamara,RB
44881,2,0,0.07670440377038552,blocker,0.0,-0.07670440377038552,Cooper Kupp,WR
44882,40,3,0.05049106615563874,blocker,0.075,0.024508933844361258,Pat Elflein,C
44898,16,1,0.0734601011277575,blocker,0.0625,-0.010960101127757499,Kareem Hunt,RB
44912,16,1,0.07616368666328086,blocker,0.0625,-0.013663686663280855,Jonnu Smith,TE
44917,12,1,0.0696717278779118,blocker,0.08333333333333333,0.013661605455421527,James Conner,RB
44927,13,4,0.07204591792456067,blocker,0.3076923076923077,0.23564638976774704,Samaje Perine,RB
44942,8,1,0.07251133106523958,blocker,0.125,0.052488668934760424,David Sharpe,T
44943,114,14,0.07435039804118078,blocker,0.12280701754385964,0.04845661950267886,Julien Davenport,T
44947,11,1,0.07129540351745899,blocker,0.09090909090909091,0.019613687391631926,Jamaal Williams,RB
44949,46,0,0.051722507041833905,blocker,0.0,-0.051722507041833905,Sean Harlow,G
44953,1,0,0.07670440377038552,blocker,0.0,-0.07670440377038552,Wayne Gallman,RB
44956,4,1,0.07670440377038552,blocker,0.25,0.1732955962296145,Marlon Mack,RB
44959,19,0,0.0744835587517096,blocker,0.0,-0.0744835587517096,George Kittle,TE
44967,4,0,0.07670440377038552,blocker,0.0,-0.07670440377038552,Jeremy Sprinkle,TE
44970,4,1,0.07670440377038552,blocker,0.25,0.1732955962296145,Will Holden,T
44972,167,3,0.056501507135827585,blocker,0.017964071856287425,-0.038537435279540164,Jermaine Eluemunor,G
44975,21,1,0.06810346878116465,blocker,0.047619047619047616,-0.02048442116211703,Jeremy McNichols,RB
44987,16,0,0.07460786741781254,blocker,0.0,-0.07460786741781254,Eric Saubert,TE
44995,21,0,0.0686165211688188,blocker,0.0,-0.0686165211688188,Aaron Jones,RB
45005,1,0,0.06805293005671077,blocker,0.0,-0.06805293005671077,Alex Armah,RB
45012,262,14,0.052370078815237,blocker,0.05343511450381679,0.0010650356885797893,Chase Roullier,C
45030,9,1,0.05806852508084795,blocker,0.1111111111111111,0.053042586030263156,Corey Levin,C
45052,1,0,0.06805293005671077,blocker,0.0,-0.06805293005671077,Noah Brown,WR
45056,184,8,0.05066991286060096,blocker,0.043478260869565216,-0.007191651991035747,Kyle Fuller,G
45062,5,0,0.07324381428491562,blocker,0.0,-0.07324381428491562,Chris Carson,RB
45069,212,11,0.05822739484813803,blocker,0.05188679245283019,-0.006340602395307836,Daniel Brunskill,G
45094,4,0,0.07670440377038552,blocker,0.0,-0.07670440377038552,Johnny Mundt,TE
45142,3,0,0.07670440377038552,blocker,0.0,-0.07670440377038552,Darrell Daniels,TE
45217,2,0,0.07670440377038552,blocker,0.0,-0.07670440377038552,Cethan Carter,TE
45244,1,0,0.07670440377038552,blocker,0.0,-0.07670440377038552,Taysom Hill,QB
45267,1,1,0.07670440377038552,blocker,1.0,0.9232955962296144,Tim Patrick,WR
45268,50,1,0.07653137429611202,blocker,0.02,-0.05653137429611202,Patrick Ricard,FB
45281,3,0,0.07670440377038552,blocker,0.0,-0.07670440377038552,Jacob Hollister,TE
45321,20,1,0.07670440377038552,blocker,0.05,-0.02670440377038552,Antony Auclair,TE
45339,24,0,0.07215085299383646,blocker,0.0,-0.07215085299383646,Pharaoh Brown,TE
45346,3,1,0.06552287655666299,blocker,0.3333333333333333,0.2678104567766703,Jordan Simmons,G
45355,2,1,0.07670440377038552,blocker,0.5,0.4232955962296145,Anthony Firkser,TE
45481,23,0,0.0741174906059424,blocker,0.0,-0.0741174906059424,Ricky Seals-Jones,TE
45532,12,0,0.07598344762757929,blocker,0.0,-0.07598344762757929,Blake Jarwin,TE
45550,59,4,0.07215598592073567,blocker,0.06779661016949153,-0.004359375751244149,Elijah Wilkinson,T
45573,19,1,0.07169565583088962,blocker,0.05263157894736842,-0.0190640768835212,Austin Ekeler,RB
45594,6,0,0.07670440377038552,blocker,0.0,-0.07670440377038552,Colin Thompson,TE
45630,246,24,0.07100813438652823,blocker,0.0975609756097561,0.026552841223227874,Storm Norton,T
45635,5,0,0.07670440377038552,blocker,0.0,-0.07670440377038552,Robert Tonyan,TE
45719,2,1,0.06805293005671077,blocker,0.5,0.43194706994328924,Dare Ogunbowale,RB
45785,9,3,0.07670440377038552,blocker,0.3333333333333333,0.2566289295629478,Dan Arnold,TE
46071,12,0,0.06471347764606247,blocker,0.0,-0.06471347764606247,Saquon Barkley,RB
46075,152,4,0.06003198348269834,blocker,0.02631578947368421,-0.03371619400901413,Quenton Nelson,G
46078,209,14,0.07453510947008635,blocker,0.06698564593301436,-0.00754946353707199,Mike McGlinchey,T
46084,262,12,0.07285937032592538,blocker,0.04580152671755725,-0.027057843608368125,Kolton Miller,T
46089,123,3,0.05324184007645099,blocker,0.024390243902439025,-0.028851596174011965,Frank Ragnow,C
46090,252,10,0.051400219439185345,blocker,0.03968253968253968,-0.011717679756645664,Billy Price,C
46092,234,13,0.07397616289689955,blocker,0.05555555555555555,-0.018420607341344,Isaiah Wynn,T
46094,18,1,0.07297722803247801,blocker,0.05555555555555555,-0.01742167247692246,Hayden Hurst,TE
46096,2,1,0.07237866691354815,blocker,0.5,0.42762133308645184,Rashaad Penny,RB
46100,5,1,0.07151351954218067,blocker,0.2,0.12848648045781935,Sony Michel,RB
46102,236,5,0.05544352140433303,blocker,0.0211864406779661,-0.03425708072636693,Austin Corbett,G
46103,292,16,0.05963219496915007,blocker,0.0547945205479452,-0.00483767442120487,Will Hernandez,G
46104,8,0,0.0734601011277575,blocker,0.0,-0.0734601011277575,Nick Chubb,RB
46106,85,5,0.07462941104192067,blocker,0.058823529411764705,-0.015805881630155963,Braden Smith,T
46107,6,2,0.0709367546279357,blocker,0.3333333333333333,0.2623965787053976,Ronald Jones,RB
46108,238,14,0.061087094043986385,blocker,0.058823529411764705,-0.0022635646322216804,James Daniels,G
46111,5,0,0.07670440377038552,blocker,0.0,-0.07670440377038552,Mike Gesicki,TE
46118,10,0,0.07670440377038552,blocker,0.0,-0.07670440377038552,Dallas Goedert,TE
46119,251,12,0.05504143099943034,blocker,0.04780876494023904,-0.007232666059191296,Connor Williams,G
46131,249,10,0.07147665342211675,blocker,0.040160642570281124,-0.03131601085183562,Brian O'Neill,T
46134,102,14,0.0716017403189653,blocker,0.13725490196078433,0.06565316164181903,Brandon Parker,T
46140,13,2,0.07079656144657465,blocker,0.15384615384615385,0.08304959239957921,Royce Freeman,RB
46143,133,8,0.07272603425340403,blocker,0.06015037593984962,-0.012575658313554408,Geron Christian,T
46152,331,22,0.07351049144922676,blocker,0.06646525679758308,-0.007045234651643681,Orlando Brown,T
46155,2,0,0.07670440377038552,blocker,0.0,-0.07670440377038552,Mark Andrews,TE
46158,31,1,0.07454023721289084,blocker,0.03225806451612903,-0.04228217269676181,Joseph Noteboom,T
46161,170,4,0.07448298099528836,blocker,0.023529411764705882,-0.050953569230582474,Chukwuma Okorafor,T
46163,301,14,0.05949921340723731,blocker,0.046511627906976744,-0.012987585500260565,Alex Cappa,G
46167,11,1,0.07060538892653687,blocker,0.09090909090909091,0.020303701982554045,Jordan Akins,TE
46170,38,0,0.07670440377038552,blocker,0.0,-0.07670440377038552,Ian Thomas,TE
46173,15,0,0.07151351954218067,blocker,0.0,-0.07151351954218067,Nyheim Hines,RB
46176,1,0,0.07670440377038552,blocker,0.0,-0.07670440377038552,Christopher Herndon,TE
46180,233,1,0.04958759363350233,blocker,0.004291845493562232,-0.0452957481399401,Brian Allen,C
46189,30,1,0.07670440377038552,blocker,0.03333333333333333,-0.04337107043705219,Will Dissly,TE
46192,24,1,0.07670440377038552,blocker,0.041666666666666664,-0.03503773710371886,Durham Smythe,TE
46198,24,0,0.05713673114637107,blocker,0.0,-0.05713673114637107,Will Richardson,T
46200,3,0,0.06805293005671077,blocker,0.0,-0.06805293005671077,Kalen Ballage,RB
46203,21,3,0.07139926829113599,blocker,0.14285714285714285,0.07145787456600686,Chase Edmonds,RB
46206,16,1,0.07670440377038552,blocker,0.0625,-0.014204403770385524,Dalton Schultz,TE
46226,40,6,0.07543321554367259,blocker,0.15,0.0745667844563274,Tyler Conklin,TE
46235,239,10,0.05560623914144878,blocker,0.04184100418410042,-0.013765234957348361,Wyatt Teller,G
46237,62,1,0.05830898803168069,blocker,0.016129032258064516,-0.042179955773616176,Jamarco Jones,T
46270,2,0,0.06805293005671077,blocker,0.0,-0.06805293005671077,Boston Scott,RB
46275,99,6,0.07271506216236666,blocker,0.06060606060606061,-0.012109001556306051,Matt Pryor,T
46277,2,1,0.07670440377038552,blocker,0.5,0.4232955962296145,Cedrick Wilson,WR
46284,245,3,0.04828769903421173,blocker,0.012244897959183673,-0.03604280107502805,Bradley Bozeman,C
46302,166,15,0.07422737694262838,blocker,0.09036144578313253,0.016134068840504154,Jordan Mailata,T
46314,10,0,0.07670440377038552,blocker,0.0,-0.07670440377038552,Will Clapp,C
46320,9,1,0.06901420491378575,blocker,0.1111111111111111,0.042096906197325354,Justin Jackson,RB
46322,1,0,0.06805293005671077,blocker,0.0,-0.06805293005671077,Auden Tate,WR
46323,6,2,0.07111364016352426,blocker,0.3333333333333333,0.2622196931698091,Korey Cunningham,T
46331,12,1,0.07318806582414866,blocker,0.08333333333333333,0.010145267509184666,Ross Dwelley,TE
46367,6,0,0.06408096427105052,blocker,0.0,-0.06408096427105052,Phillip Lindsay,RB
46376,2,0,0.043159822129217894,blocker,0.0,-0.043159822129217894,Coleman Shelton,G
46404,10,1,0.05657765478568495,blocker,0.1,0.04342234521431505,J.C. Hassenauer,C
46424,4,0,0.07454153534196684,blocker,0.0,-0.07454153534196684,Jason Cabinda,FB
46461,1,1,0.07670440377038552,blocker,1.0,0.9232955962296144,Mike Boone,RB
46522,1,0,0.07670440377038552,blocker,0.0,-0.07670440377038552,Byron Pringle,WR
46526,13,0,0.0727930553804996,blocker,0.0,-0.0727930553804996,Darrel Williams,RB
46536,3,0,0.07670440377038552,blocker,0.0,-0.07670440377038552,Johnny Stanton,FB
46629,42,4,0.05034794676661095,blocker,0.09523809523809523,0.04489014847148428,Nick Gates,C
46679,188,7,0.051851161030760484,blocker,0.03723404255319149,-0.014617118477568997,Evan Brown,C
46689,60,0,0.052664120260882054,blocker,0.0,-0.052664120260882054,Ike Boettger,G
46755,41,4,0.05379590899105153,blocker,0.0975609756097561,0.04376506661870457,Trenton Scott,T
46781,2,0,0.05560637609296433,blocker,0.0,-0.05560637609296433,Ryan Nall,RB
46797,1,0,0.07670440377038552,blocker,0.0,-0.07670440377038552,Tanner Hudson,TE
46798,1,0,0.07670440377038552,blocker,0.0,-0.07670440377038552,Godwin Igwebuike,RB
46852,3,0,0.043159822129217894,blocker,0.0,-0.043159822129217894,Aaron Stinnie,G
47605,7,1,0.06944047104631165,blocker,0.14285714285714285,0.0734166718108312,D'Ernest Johnson,RB
47749,6,1,0.06408096427105052,blocker,0.16666666666666666,0.10258570239561614,Jakob Johnson,FB
47791,12,1,0.07670440377038552,blocker,0.08333333333333333,0.006628929562947805,T.J. Hockenson,TE
47794,251,21,0.07372977321333628,blocker,0.08366533864541832,0.009935565432082044,Jonah Williams,T
47797,281,10,0.05824763345078496,blocker,0.03558718861209965,-0.02266044483868531,Chris Lindstrom,G
47801,240,22,0.05104572037793516,blocker,0.09166666666666666,0.0406209462887315,Garrett Bradbury,C
47803,17,2,0.07619549355193407,blocker,0.11764705882352941,0.04145156527159534,Noah Fant,TE
47805,157,12,0.07461615118496175,blocker,0.07643312101910828,0.0018169698341465312,Andre Dillard,T
47806,237,15,0.05457448752829093,blocker,0.06329113924050633,0.008716651712215404,Tytus Howard,T
47807,14,1,0.07245447500022896,blocker,0.07142857142857142,-0.0010259035716575354,Josh Jacobs,RB
47814,247,23,0.07181101813356137,blocker,0.0931174089068826,0.02130639077332122,Kaleb McGary,T
47818,254,20,0.07280638875061698,blocker,0.07874015748031496,0.005933768729697975,Jawaan Taylor,T
47821,121,6,0.053900212296919235,blocker,0.049586776859504134,-0.0043134354374151015,Cody Ford,G
47824,241,21,0.0552648731232762,blocker,0.08713692946058091,0.03187205633730471,Dalton Risner,G
47827,129,8,0.07013645016772765,blocker,0.06201550387596899,-0.008120946291758663,Elgton Jenkins,G
47831,77,3,0.04989162791646207,blocker,0.03896103896103896,-0.010930588955423107,Erik McCoy,C
47835,18,1,0.07670440377038552,blocker,0.05555555555555555,-0.02114884821482997,Drew Sample,TE
47836,17,2,0.07161530158587097,blocker,0.11764705882352941,0.04603175723765844,Miles Sanders,RB
47838,223,15,0.05691173216120448,blocker,0.06726457399103139,0.01035284182982691,Max Scharping,G
47840,4,1,0.07454153534196684,blocker,0.25,0.17545846465803316,J.J. Arcega-Whiteside,TE
47853,23,1,0.07068598727391613,blocker,0.043478260869565216,-0.027207726404350915,Darrell Henderson,RB
47856,7,0,0.06588431277095552,blocker,0.0,-0.06588431277095552,David Montgomery,RB
47857,18,3,0.06678790330668688,blocker,0.16666666666666666,0.09987876335997978,Devin Singletary,RB
47861,112,6,0.05453154346092181,blocker,0.05357142857142857,-0.000960114889493241,Michael Deiter,C
47865,257,17,0.05940795348220857,blocker,0.06614785992217899,0.006739906439970418,Nate Davis,G
47870,19,3,0.06953066940239956,blocker,0.15789473684210525,0.08836406743970569,Damien Harris,RB
47873,58,5,0.05847707655825542,blocker,0.08620689655172414,0.027729819993468727,Connor McGovern,G
47874,5,0,0.07670440377038552,blocker,0.0,-0.07670440377038552,Trey Pipkins,T
47875,31,2,0.06912982081915413,blocker,0.06451612903225806,-0.004613691786896065,Chuma Edoga,T
47879,9,0,0.07105467831832807,blocker,0.0,-0.07105467831832807,Dawson Knox,TE
47880,2,0,0.059932112949801705,blocker,0.0,-0.059932112949801705,Bobby Evans,G
47884,33,4,0.0703432230564255,blocker,0.12121212121212122,0.050868898155695716,Yodny Cajuste,T
47885,11,2,0.06972240829679086,blocker,0.18181818181818182,0.11209577352139097,Alexander Mattison,RB
47904,7,1,0.06944047104631165,blocker,0.14285714285714285,0.0734166718108312,Trevon Wesco,TE
47905,1,0,0.06805293005671077,blocker,0.0,-0.06805293005671077,Benny Snell,RB
47906,195,8,0.05708284000874361,blocker,0.041025641025641026,-0.016057198983102587,Ben Powers,G
47911,19,1,0.06993015153398605,blocker,0.05263157894736842,-0.017298572586617628,Tony Pollard,RB
47914,42,2,0.06585904340872858,blocker,0.047619047619047616,-0.01823999578968097,Wes Martin,G
47919,101,8,0.053434667717823174,blocker,0.07920792079207921,0.025773253074256035,Michael Jordan,G
47920,24,2,0.0753067128686702,blocker,0.08333333333333333,0.008026620464663126,Foster Moreau,TE
47924,15,0,0.07670440377038552,blocker,0.0,-0.07670440377038552,Zach Gentry,TE
47952,241,3,0.05749189929032468,blocker,0.012448132780082987,-0.045043766510241695,David Edwards,G
47959,23,1,0.07524594369903041,blocker,0.043478260869565216,-0.031767682829465196,Kaden Smith,TE
47969,23,2,0.06706290912190946,blocker,0.08695652173913043,0.019893612617220974,Ty Johnson,RB
47976,249,22,0.05790496156651733,blocker,0.08835341365461848,0.030448452088101145,Olisaemeka Udoh,T
47985,4,0,0.07670440377038552,blocker,0.0,-0.07670440377038552,Isaiah Prince,T
47987,25,3,0.07190203101926892,blocker,0.12,0.04809796898073107,Travis Homer,RB
47995,173,11,0.05618881529248288,blocker,0.06358381502890173,0.007394999736418849,Dennis Daley,G
48011,7,1,0.07546847895414628,blocker,0.14285714285714285,0.06738866390299657,Tommy Sweeney,TE
48017,29,11,0.07342281029278476,blocker,0.3793103448275862,0.30588753453480144,Myles Gaskin,RB
48085,3,0,0.05434134934294044,blocker,0.0,-0.05434134934294044,Fred Johnson,T
48094,10,3,0.07670440377038552,blocker,0.3,0.22329559622961448,Calvin Anderson,T
48096,2,0,0.07670440377038552,blocker,0.0,-0.07670440377038552,Andrew Beck,TE
48097,2,0,0.07670440377038552,blocker,0.0,-0.07670440377038552,Jakobi Meyers,WR
48158,31,1,0.0734581539341435,blocker,0.03225806451612903,-0.041200089418014466,Alex Bars,G
48159,245,6,0.05075219890988935,blocker,0.024489795918367346,-0.026262402991522004,Sam Mustipher,C
48181,88,8,0.07107282917814267,blocker,0.09090909090909091,0.01983626173094824,Yosuah Nijman,T
48207,2,0,0.059932112949801705,blocker,0.0,-0.059932112949801705,Khari Blasingame,FB
48220,191,8,0.0716907255159689,blocker,0.041884816753926704,-0.0298059087620422,Patrick Mekari,G
48233,4,0,0.07454153534196684,blocker,0.0,-0.07454153534196684,Alec Ingold,FB
48235,255,15,0.04782767307688333,blocker,0.058823529411764705,0.010995856334881378,Andre James,C
48318,1,0,0.06805293005671077,blocker,0.0,-0.06805293005671077,Devine Ozigbo,RB
48374,1,1,0.07670440377038552,blocker,1.0,0.9232955962296144,Olamide Zaccheaus,WR
48455,325,35,0.0730620248646376,blocker,0.1076923076923077,0.0346302828276701,Matt Nelson,T
48456,21,1,0.07350968170932194,blocker,0.047619047619047616,-0.025890634090274325,Donald Parham,TE
48472,2,0,0.06805293005671077,blocker,0.0,-0.06805293005671077,Patrick Laird,RB
48475,2,0,0.059932112949801705,blocker,0.0,-0.059932112949801705,Chris Myarick,TE
48485,122,7,0.07057576784388639,blocker,0.05737704918032787,-0.013198718663558519,Blake Hance,G
48512,4,0,0.0515459675395098,blocker,0.0,-0.0515459675395098,Ryan Bates,C
48513,70,5,0.06016413629571339,blocker,0.07142857142857142,0.011264435132858033,Nate Herbig,G
48683,3,0,0.07670440377038552,blocker,0.0,-0.07670440377038552,Joe Fortson,TE
48766,1,0,0.07670440377038552,blocker,0.0,-0.07670440377038552,Kendall Blanton,TE
52412,166,5,0.07543983170074287,blocker,0.030120481927710843,-0.04531934977303202,Andrew Thomas,T
52418,144,10,0.07133921841649395,blocker,0.06944444444444445,-0.0018947739720494988,Jedrick Wills,T
52419,27,4,0.07546201185774969,blocker,0.14814814814814814,0.07268613629039845,Mekhi Becton,T
52421,295,7,0.07360129702042371,blocker,0.023728813559322035,-0.04987248346110168,Tristan Wirfs,T
52426,283,28,0.0655817071619167,blocker,0.0989399293286219,0.0333582221667052,Austin Jackson,T
52432,198,5,0.051740318343082944,blocker,0.025252525252525252,-0.026487793090557692,Cesar Ruiz,G
52440,11,1,0.06903239370586872,blocker,0.09090909090909091,0.02187669720322219,Clyde Edwards-Helaire,RB
52442,1,0,0.07670440377038552,blocker,0.0,-0.07670440377038552,Michael Pittman,WR
52443,21,5,0.07062585713809702,blocker,0.23809523809523808,0.16746938095714106,D'Andre Swift,RB
52447,298,16,0.06207852451226705,blocker,0.053691275167785234,-0.008387249344481817,Robert Hunt,G
52449,20,4,0.07108094585649694,blocker,0.2,0.12891905414350308,Jonathan Taylor,RB
52450,2,0,0.07670440377038552,blocker,0.0,-0.07670440377038552,Laviska Shenault,WR
52451,29,2,0.07379433098729295,blocker,0.06896551724137931,-0.004828813745913638,Cole Kmet,TE
52466,249,15,0.057092396092378615,blocker,0.060240963855421686,0.003148567763043071,Ezra Cleveland,G
52470,10,1,0.06988935612079886,blocker,0.1,0.03011064387920115,A.J. Dillon,RB
52474,15,2,0.07266704937067064,blocker,0.13333333333333333,0.06066628396266269,Antonio Gibson,RB
52477,181,6,0.057280910814385584,blocker,0.03314917127071823,-0.024131739543667353,Damien Lewis,G
52480,221,7,0.060385068100556175,blocker,0.03167420814479638,-0.028710859955759796,Josh Jones,G
52483,319,15,0.05627047606340353,blocker,0.047021943573667714,-0.009248532489735818,Jonah Jackson,G
52486,280,13,0.049826469124043316,blocker,0.04642857142857143,-0.0033978976954718854,Matt Hennessy,C
52489,1,0,0.07670440377038552,blocker,0.0,-0.07670440377038552,Bryan Edwards,WR
52491,287,18,0.05262341028155604,blocker,0.0627177700348432,0.010094359753287166,Lloyd Cushenberry,C
52494,16,2,0.07237866691354815,blocker,0.125,0.05262133308645185,Zack Moss,RB
52502,6,0,0.07526249148477306,blocker,0.0,-0.07526249148477306,Josiah Deguara,TE
52504,227,19,0.07367270958425907,blocker,0.08370044052863436,0.010027730944375285,Lucas Niang,T
52507,142,8,0.07102742297741682,blocker,0.056338028169014086,-0.014689394808402735,Matt Peart,T
52513,26,1,0.07541422755341753,blocker,0.038461538461538464,-0.03695268909187907,Adam Trautman,TE
52514,52,2,0.06186737727525368,blocker,0.038461538461538464,-0.02340583881371522,Tyre Phillips,G
52516,39,3,0.07068358142453492,blocker,0.07692307692307693,0.006239495498542011,Saahdiq Charles,T
52517,256,11,0.05441212200533622,blocker,0.04296875,-0.011443372005336218,John Simpson,G
52519,60,1,0.05405296688581795,blocker,0.016666666666666666,-0.03738630021915128,Solomon Kindley,G
52520,4,0,0.07021579848512946,blocker,0.0,-0.07021579848512946,Joshua Kelley,RB
52523,5,0,0.07670440377038552,blocker,0.0,-0.07670440377038552,Harrison Bryant,TE
52524,123,5,0.06217989726066553,blocker,0.04065040650406504,-0.02152949075660049,Ben Bartch,T
52526,8,0,0.07670440377038552,blocker,0.0,-0.07670440377038552,Albert Okwuegbunam,TE
52534,132,10,0.07040876452395334,blocker,0.07575757575757576,0.005348811233622422,Charlie Heck,T
52536,1,0,0.07670440377038552,blocker,0.0,-0.07670440377038552,Gabe Davis,WR
52541,8,1,0.07670440377038552,blocker,0.125,0.048295596229614476,Colby Parkinson,TE
52543,217,7,0.05629451395541935,blocker,0.03225806451612903,-0.02403644943929032,Kevin Dotson,G
52551,94,8,0.057158001326086845,blocker,0.0851063829787234,0.027948381652636557,Ben Bredeson,G
52553,145,11,0.06600300908619666,blocker,0.07586206896551724,0.009859059879320578,Jack Driscoll,T
52554,247,16,0.049727175571062994,blocker,0.06477732793522267,0.015050152364159679,Tyler Biadasz,C
52557,2,0,0.059932112949801705,blocker,0.0,-0.059932112949801705,Danny Pinter,G
52558,9,0,0.05710725022377298,blocker,0.0,-0.05710725022377298,Shane Lemieux,G
52564,2,1,0.059932112949801705,blocker,0.5,0.4400678870501983,Keith Ismael,C
52589,83,5,0.05506311355806305,blocker,0.060240963855421686,0.0051778502973586354,Netane Muti,G
52590,222,13,0.06075122067949808,blocker,0.05855855855855856,-0.0021926621209395203,Michael Onwenu,G
52595,1,0,0.07670440377038552,blocker,0.0,-0.07670440377038552,Donovan Peoples-Jones,WR
52598,8,1,0.07251133106523958,blocker,0.125,0.052488668934760424,Charlie Woerner,TE
52600,190,7,0.05273349354565576,blocker,0.03684210526315789,-0.01589138828249787,Jon Runyan,G
52603,172,5,0.07323805313642695,blocker,0.029069767441860465,-0.04416828569456649,Justin Herron,T
52614,2,0,0.07670440377038552,blocker,0.0,-0.07670440377038552,Tyler Davis,TE
52622,2,0,0.07670440377038552,blocker,0.0,-0.07670440377038552,Freddie Swain,WR
52635,14,2,0.06889831672487283,blocker,0.14285714285714285,0.07395882613227002,Lachavious Simmons,G
52666,150,9,0.05986736103695366,blocker,0.06,0.00013263896304633455,Calvin Throckmorton,T
52708,6,2,0.07237866691354815,blocker,0.3333333333333333,0.26095466641978515,Jamycal Hasty,RB
52725,5,1,0.07670440377038552,blocker,0.2,0.12329559622961449,Ben Ellefson,TE
52733,16,1,0.0712972326993388,blocker,0.0625,-0.008797232699338797,James Robinson,RB
52762,4,0,0.07454153534196684,blocker,0.0,-0.07454153534196684,Tony Jones,RB
52783,38,4,0.07294572481569223,blocker,0.10526315789473684,0.03231743307904461,Yasir Durant,G
52858,1,0,0.07670440377038552,blocker,0.0,-0.07670440377038552,Giovanni Ricci,FB
52859,4,1,0.07021579848512946,blocker,0.25,0.17978420151487054,Rodney Smith,RB
52894,28,1,0.054522067450086704,blocker,0.03571428571428571,-0.018807781735800992,Trystan Colon,C
52922,6,0,0.07237866691354815,blocker,0.0,-0.07237866691354815,Salvon Ahmed,RB
52938,201,17,0.0712348463890005,blocker,0.0845771144278607,0.013342268038860197,Terence Steele,T
52962,2,0,0.07670440377038552,blocker,0.0,-0.07670440377038552,Tyler Mabry,TE
52972,2,0,0.07237866691354815,blocker,0.0,-0.07237866691354815,Scottie Phillips,RB
53000,1,0,0.07670440377038552,blocker,0.0,-0.07670440377038552,J.J. Taylor,RB
53063,43,3,0.053880116763233524,blocker,0.06976744186046512,0.01588732509723159,Aaron Brewer,C
53065,5,0,0.07670440377038552,blocker,0.0,-0.07670440377038552,Tommy Hudson,TE
53079,3,0,0.06263905198543807,blocker,0.0,-0.06263905198543807,Reggie Gilliam,FB
53172,3,0,0.05145752477171552,blocker,0.0,-0.05145752477171552,Dominique Dafney,TE
53180,8,2,0.07454153534196684,blocker,0.25,0.17545846465803316,Ty'Son Williams,RB
53433,4,0,0.07670440377038552,blocker,0.0,-0.07670440377038552,Kyle Pitts,TE
53436,323,35,0.07384679803744783,blocker,0.10835913312693499,0.03451233508948716,Penei Sewell,T
53442,269,16,0.07330531388925095,blocker,0.05947955390334572,-0.013825759985905225,Rashawn Slater,T
53443,264,10,0.05373076577885246,blocker,0.03787878787878788,-0.01585197790006458,Alijah Vera-Tucker,G
53446,239,25,0.06680723363520107,blocker,0.10460251046025104,0.037795276825049975,Alex Leatherwood,T
53452,84,2,0.07170633320941694,blocker,0.023809523809523808,-0.04789680939989313,Christian Darrisaw,T
53453,25,7,0.07393593218200961,blocker,0.28,0.20606406781799042,Najee Harris,RB
53464,19,1,0.07044135084594427,blocker,0.05263157894736842,-0.017809771898575855,Javonte Williams,RB
53466,207,9,0.057572117489782415,blocker,0.043478260869565216,-0.014093856620217199,Landon Dickerson,G
53471,276,22,0.07283883215723062,blocker,0.07971014492753623,0.0068713127703056015,Liam Eichenberg,T
53475,165,9,0.057384424563570645,blocker,0.05454545454545454,-0.002838970018116102,Jackson Carman,G
53480,148,7,0.07222263706549897,blocker,0.0472972972972973,-0.024925339768201674,Samuel Cosmi,T
53482,17,2,0.053025875553090726,blocker,0.11764705882352941,0.06462118327043868,Dillon Radunz,T
53484,6,1,0.07670440377038552,blocker,0.16666666666666666,0.08996226289628113,Pat Freiermuth,TE
53491,107,3,0.05059306673165544,blocker,0.028037383177570093,-0.022555683554085344,Josh Myers,C
53492,311,11,0.050536314882184526,blocker,0.03536977491961415,-0.015166539962570377,Creed Humphrey,C
53497,274,20,0.05340036754711502,blocker,0.072992700729927,0.019592333182811984,Jalen Mayfield,G
53499,76,10,0.06996992747655409,blocker,0.13157894736842105,0.061609019891866956,Brady Christensen,T
53510,3,0,0.07670440377038552,blocker,0.0,-0.07670440377038552,Hunter Long,TE
53512,11,0,0.07670440377038552,blocker,0.0,-0.07670440377038552,Tommy Tremble,TE
53514,1,0,0.07670440377038552,blocker,0.0,-0.07670440377038552,Amari Rodgers,WR
53516,219,9,0.05207358734599568,blocker,0.0410958904109589,-0.01097769693503678,Kendrick Green,C
53517,7,1,0.06588431277095552,blocker,0.14285714285714285,0.07697283008618733,Trey Sermon,RB
53522,95,2,0.07254708988413427,blocker,0.021052631578947368,-0.05149445830518691,Spencer Brown,T
53523,45,1,0.05766043039993949,blocker,0.022222222222222223,-0.03543820817771727,Ben Cleveland,G
53524,1,0,0.043159822129217894,blocker,0.0,-0.043159822129217894,Robert Hainsey,T
53527,42,3,0.0553207479653526,blocker,0.07142857142857142,0.016107823463218825,Quinn Meinerz,G
53536,17,5,0.06722240018690162,blocker,0.29411764705882354,0.22689524687192192,Michael Carter,RB
53539,53,5,0.07258043325577505,blocker,0.09433962264150944,0.021759189385734387,James Hudson,T
53543,3,1,0.043159822129217894,blocker,0.3333333333333333,0.29017351120411544,Drew Dalman,C
53549,1,1,0.06805293005671077,blocker,1.0,0.9319470699432892,Rhamondre Stevenson,RB
53553,7,1,0.07670440377038552,blocker,0.14285714285714285,0.06615273908675733,John Bates,TE
53555,16,2,0.06554834074872455,blocker,0.125,0.05945165925127545,Chuba Hubbard,RB
53556,3,0,0.07670440377038552,blocker,0.0,-0.07670440377038552,Kylen Granson,TE
53557,227,34,0.07544599143313138,blocker,0.14977973568281938,0.074333744249688,Dan Moore,T
53571,222,9,0.055618542920100926,blocker,0.04054054054054054,-0.015078002379560383,Royce Newman,T
53574,5,0,0.07670440377038552,blocker,0.0,-0.07670440377038552,Luke Farrell,TE
53576,1,0,0.07670440377038552,blocker,0.0,-0.07670440377038552,Brevin Jordan,TE
53579,8,3,0.06926702842261154,blocker,0.375,0.30573297157738843,Kenneth Gainwell,RB
53580,43,0,0.07260267395830383,blocker,0.0,-0.07260267395830383,Larry Borom,T
53584,41,3,0.07158442904939331,blocker,0.07317073170731707,0.001586302657923755,Jaylon Moore,T
53590,1,0,0.07670440377038552,blocker,0.0,-0.07670440377038552,Tommy Doyle,T
53591,6,0,0.07670440377038552,blocker,0.0,-0.07670440377038552,Noah Gray,TE
53619,26,1,0.05314848287597429,blocker,0.038461538461538464,-0.014686944414435826,Trey Hill,C
53623,7,1,0.0706763958625509,blocker,0.14285714285714285,0.07218074699459195,Elijah Mitchell,RB
53627,7,0,0.07176070450542851,blocker,0.0,-0.07176070450542851,Larry Rountree,RB
53631,3,0,0.0709367546279357,blocker,0.0,-0.0709367546279357,Chris Evans,RB
53635,1,0,0.07670440377038552,blocker,0.0,-0.07670440377038552,Landon Young,T
53646,18,3,0.0738205791991606,blocker,0.16666666666666666,0.09284608746750606,Khalil Herbert,RB
53655,326,13,0.05648341926395544,blocker,0.03987730061349693,-0.01660611865045851,Trey Smith,G
53662,1,0,0.06805293005671077,blocker,0.0,-0.06805293005671077,Jake Funk,RB
53685,1,0,0.07670440377038552,blocker,0.0,-0.07670440377038552,Kylin Hill,RB
53861,3,0,0.06552287655666299,blocker,0.0,-0.06552287655666299,Robert Jones,G
53868,2,1,0.07670440377038552,blocker,0.5,0.4232955962296145,Alaric Jackson,T
53946,8,0,0.07251133106523958,blocker,0.0,-0.07251133106523958,Jack Stoll,TE
53954,1,0,0.043159822129217894,blocker,0.0,-0.043159822129217894,Tommy Kraemer,G
53959,2,0,0.07670440377038552,blocker,0.0,-0.07670440377038552,Brock Wright,TE
53960,2,0,0.06805293005671077,blocker,0.0,-0.06805293005671077,Jaret Patterson,RB
53994,2,1,0.059932112949801705,blocker,0.5,0.4400678870501983,Ryan McCollum,C
54006,17,3,0.07473119308561096,blocker,0.17647058823529413,0.10173939514968316,Jake Curhan,T
